Date,Open,High,Low,Close,Adj Close,Volume,Dividends,Stock Splits
2023-10-09,176.80999755859375,179.0500030517578,175.8000030517578,178.99000549316406,176.60145568847656,42390800,0.0,0.0
2023-10-10,178.10000610351562,179.72000122070312,177.9499969482422,178.38999938964844,176.0094451904297,43698000,0.0,0.0
2023-10-11,178.1999969482422,179.85000610351562,177.60000610351562,179.8000030517578,177.40065002441406,47551100,0.0,0.0
2023-10-12,180.07000732421875,182.33999633789062,179.0399932861328,180.7100067138672,178.29849243164062,56743100,0.0,0.0
2023-10-13,181.4199981689453,181.92999267578125,178.13999938964844,178.85000610351562,176.4633331298828,51427100,0.0,0.0
2023-10-16,176.75,179.0800018310547,176.50999450683594,178.72000122070312,176.33506774902344,52517000,0.0,0.0
2023-10-17,176.64999389648438,178.4199981689453,174.8000030517578,177.14999389648438,174.78599548339844,57549400,0.0,0.0
2023-10-18,175.5800018310547,177.5800018310547,175.11000061035156,175.83999633789062,173.4934539794922,54764400,0.0,0.0
2023-10-19,176.0399932861328,177.83999633789062,175.19000244140625,175.4600067138672,173.11856079101562,59302900,0.0,0.0
2023-10-20,175.30999755859375,175.4199981689453,172.63999938964844,172.8800048828125,170.57298278808594,64244000,0.0,0.0
2023-10-23,170.91000366210938,174.00999450683594,169.92999267578125,173.0,170.6913604736328,55980100,0.0,0.0
2023-10-24,173.0500030517578,173.6699981689453,171.4499969482422,173.44000244140625,171.12550354003906,43816600,0.0,0.0
2023-10-25,171.8800048828125,173.05999755859375,170.64999389648438,171.10000610351562,168.81671142578125,57157000,0.0,0.0
2023-10-26,170.3699951171875,171.3800048828125,165.6699981689453,166.88999938964844,164.66293334960938,70625300,0.0,0.0
2023-10-27,166.91000366210938,168.9600067138672,166.8300018310547,168.22000122070312,165.9751434326172,58499100,0.0,0.0
2023-10-30,169.02000427246094,171.1699981689453,168.8699951171875,170.2899932861328,168.01754760742188,51131000,0.0,0.0
2023-10-31,169.35000610351562,170.89999389648438,167.89999389648438,170.77000427246094,168.4911651611328,44846000,0.0,0.0
2023-11-01,171.0,174.22999572753906,170.1199951171875,173.97000122070312,171.6484375,56934900,0.0,0.0
2023-11-02,175.52000427246094,177.77999877929688,175.4600067138672,177.57000732421875,175.20042419433594,77334800,0.0,0.0
2023-11-03,174.24000549316406,176.82000732421875,173.35000610351562,176.64999389648438,174.2926788330078,79829200,0.0,0.0
2023-11-06,176.3800048828125,179.42999267578125,176.2100067138672,179.22999572753906,176.83822631835938,63841300,0.0,0.0
2023-11-07,179.17999267578125,182.44000244140625,178.97000122070312,181.82000732421875,179.39369201660156,70530000,0.0,0.0
2023-11-08,182.35000610351562,183.4499969482422,181.58999633789062,182.88999938964844,180.44940185546875,49340300,0.0,0.0
2023-11-09,182.9600067138672,184.1199951171875,181.80999755859375,182.41000366210938,179.975830078125,53763500,0.0,0.0
2023-11-10,183.97000122070312,186.57000732421875,183.52999877929688,186.39999389648438,184.15484619140625,66133400,0.24,0.0
2023-11-13,185.82000732421875,186.02999877929688,184.2100067138672,184.8000030517578,182.57415771484375,43627500,0.0,0.0
2023-11-14,187.6999969482422,188.11000061035156,186.3000030517578,187.44000244140625,185.18234252929688,60108400,0.0,0.0
2023-11-15,187.85000610351562,189.5,187.77999877929688,188.00999450683594,185.74545288085938,53790500,0.0,0.0
2023-11-16,189.57000732421875,190.9600067138672,188.64999389648438,189.7100067138672,187.4250030517578,54412900,0.0,0.0
2023-11-17,190.25,190.3800048828125,188.57000732421875,189.69000244140625,187.40521240234375,50922700,0.0,0.0
2023-11-20,189.88999938964844,191.91000366210938,189.8800048828125,191.4499969482422,189.14402770996094,46505100,0.0,0.0
2023-11-21,191.41000366210938,191.52000427246094,189.74000549316406,190.63999938964844,188.34378051757812,38134500,0.0,0.0
2023-11-22,191.49000549316406,192.92999267578125,190.8300018310547,191.30999755859375,189.00570678710938,39617700,0.0,0.0
2023-11-24,190.8699951171875,190.89999389648438,189.25,189.97000122070312,187.68186950683594,24048300,0.0,0.0
2023-11-27,189.9199981689453,190.6699981689453,188.89999389648438,189.7899932861328,187.50401306152344,40552600,0.0,0.0
2023-11-28,189.77999877929688,191.0800018310547,189.39999389648438,190.39999389648438,188.10667419433594,38415400,0.0,0.0
2023-11-29,190.89999389648438,192.08999633789062,188.97000122070312,189.3699951171875,187.08908081054688,43014200,0.0,0.0
2023-11-30,189.83999633789062,190.32000732421875,188.19000244140625,189.9499969482422,187.662109375,48794400,0.0,0.0
2023-12-01,190.3300018310547,191.55999755859375,189.22999572753906,191.24000549316406,188.9365692138672,45704800,0.0,0.0
2023-12-04,189.97999572753906,190.0500030517578,187.4499969482422,189.42999267578125,187.1483612060547,43389500,0.0,0.0
2023-12-05,190.2100067138672,194.39999389648438,190.17999267578125,193.4199981689453,191.09030151367188,66628400,0.0,0.0
2023-12-06,194.4499969482422,194.75999450683594,192.11000061035156,192.32000732421875,190.00355529785156,41089700,0.0,0.0
2023-12-07,193.6300048828125,195.0,193.58999633789062,194.27000427246094,191.9300537109375,47477700,0.0,0.0
2023-12-08,194.1999969482422,195.99000549316406,193.6699981689453,195.7100067138672,193.3527374267578,53406400,0.0,0.0
2023-12-11,193.11000061035156,193.49000549316406,191.4199981689453,193.17999267578125,190.85317993164062,60943700,0.0,0.0
2023-12-12,193.0800018310547,194.72000122070312,191.72000122070312,194.7100067138672,192.36477661132812,52696900,0.0,0.0
2023-12-13,195.08999633789062,198.0,194.85000610351562,197.9600067138672,195.5756378173828,70404200,0.0,0.0
2023-12-14,198.02000427246094,199.6199951171875,196.16000366210938,198.11000061035156,195.7238311767578,66831600,0.0,0.0
2023-12-15,197.52999877929688,198.39999389648438,197.0,197.57000732421875,195.19033813476562,128538400,0.0,0.0
2023-12-18,196.08999633789062,196.6300048828125,194.38999938964844,195.88999938964844,193.5305633544922,55751900,0.0,0.0
2023-12-19,196.16000366210938,196.9499969482422,195.88999938964844,196.94000244140625,194.56793212890625,40714100,0.0,0.0
2023-12-20,196.89999389648438,197.67999267578125,194.8300018310547,194.8300018310547,192.48333740234375,52242800,0.0,0.0
2023-12-21,196.10000610351562,197.0800018310547,193.5,194.67999267578125,192.3351287841797,46482500,0.0,0.0
2023-12-22,195.17999267578125,195.41000366210938,192.97000122070312,193.60000610351562,191.2681121826172,37149600,0.0,0.0
2023-12-26,193.61000061035156,193.88999938964844,192.8300018310547,193.0500030517578,190.7247772216797,28919300,0.0,0.0
2023-12-27,192.49000549316406,193.5,191.08999633789062,193.14999389648438,190.8235626220703,48087700,0.0,0.0
2023-12-28,194.13999938964844,194.66000366210938,193.1699981689453,193.5800018310547,191.24838256835938,34049900,0.0,0.0
2023-12-29,193.89999389648438,194.39999389648438,191.72999572753906,192.52999877929688,190.21104431152344,42672100,0.0,0.0
2024-01-02,187.14999389648438,188.44000244140625,183.88999938964844,185.63999938964844,183.4040069580078,82488700,0.0,0.0
2024-01-03,184.22000122070312,185.8800048828125,183.42999267578125,184.25,182.03077697753906,58414500,0.0,0.0
2024-01-04,182.14999389648438,183.08999633789062,180.8800048828125,181.91000366210938,179.7189483642578,71983600,0.0,0.0
2024-01-05,181.99000549316406,182.75999450683594,180.1699981689453,181.17999267578125,178.9977264404297,62379700,0.0,0.0
2024-01-08,182.08999633789062,185.60000610351562,181.5,185.55999755859375,183.32498168945312,59144500,0.0,0.0
2024-01-09,183.9199981689453,185.14999389648438,182.72999572753906,185.13999938964844,182.9100341796875,42841800,0.0,0.0
2024-01-10,184.35000610351562,186.39999389648438,183.9199981689453,186.19000244140625,183.94737243652344,46792900,0.0,0.0
2024-01-11,186.5399932861328,187.0500030517578,183.6199951171875,185.58999633789062,183.35462951660156,49128400,0.0,0.0
2024-01-12,186.05999755859375,186.74000549316406,185.19000244140625,185.9199981689453,183.68063354492188,40477800,0.0,0.0
2024-01-16,182.16000366210938,184.25999450683594,180.92999267578125,183.6300048828125,181.418212890625,65603000,0.0,0.0
2024-01-17,181.27000427246094,182.92999267578125,180.3000030517578,182.67999267578125,180.47964477539062,47317400,0.0,0.0
2024-01-18,186.08999633789062,189.13999938964844,185.8300018310547,188.6300048828125,186.3579864501953,78005800,0.0,0.0
2024-01-19,189.3300018310547,191.9499969482422,188.82000732421875,191.55999755859375,189.25271606445312,68903000,0.0,0.0
2024-01-22,192.3000030517578,195.3300018310547,192.25999450683594,193.88999938964844,191.55465698242188,60133900,0.0,0.0
2024-01-23,195.02000427246094,195.75,193.8300018310547,195.17999267578125,192.8291015625,42355600,0.0,0.0
2024-01-24,195.4199981689453,196.3800048828125,194.33999633789062,194.5,192.1573028564453,53631300,0.0,0.0
2024-01-25,195.22000122070312,196.27000427246094,193.11000061035156,194.1699981689453,191.831298828125,54822100,0.0,0.0
2024-01-26,194.27000427246094,194.75999450683594,191.94000244140625,192.4199981689453,190.1023712158203,44594000,0.0,0.0
2024-01-29,192.00999450683594,192.1999969482422,189.5800018310547,191.72999572753906,189.42066955566406,47145600,0.0,0.0
2024-01-30,190.94000244140625,191.8000030517578,187.47000122070312,188.0399932861328,185.77513122558594,55859400,0.0,0.0
2024-01-31,187.0399932861328,187.10000610351562,184.35000610351562,184.39999389648438,182.17893981933594,55467800,0.0,0.0
2024-02-01,183.99000549316406,186.9499969482422,183.82000732421875,186.86000061035156,184.60931396484375,64885400,0.0,0.0
2024-02-02,179.86000061035156,187.3300018310547,179.25,185.85000610351562,183.61148071289062,102551700,0.0,0.0
2024-02-05,188.14999389648438,189.25,185.83999633789062,187.67999267578125,185.41943359375,69668800,0.0,0.0
2024-02-06,186.86000061035156,189.30999755859375,186.77000427246094,189.3000030517578,187.0199432373047,43490800,0.0,0.0
2024-02-07,190.63999938964844,191.0500030517578,188.61000061035156,189.41000366210938,187.1286163330078,53439000,0.0,0.0
2024-02-08,189.38999938964844,189.5399932861328,187.35000610351562,188.32000732421875,186.05174255371094,40962000,0.0,0.0
2024-02-09,188.64999389648438,189.99000549316406,188.0,188.85000610351562,186.8134307861328,45155200,0.24,0.0
2024-02-12,188.4199981689453,188.6699981689453,186.7899932861328,187.14999389648438,185.13172912597656,41781900,0.0,0.0
2024-02-13,185.77000427246094,186.2100067138672,183.50999450683594,185.0399932861328,183.0444793701172,56529500,0.0,0.0
2024-02-14,185.32000732421875,185.52999877929688,182.44000244140625,184.14999389648438,182.16409301757812,54630500,0.0,0.0
2024-02-15,183.5500030517578,184.49000549316406,181.35000610351562,183.86000061035156,181.87722778320312,65434500,0.0,0.0
2024-02-16,183.4199981689453,184.85000610351562,181.6699981689453,182.30999755859375,180.3439483642578,49752500,0.0,0.0
2024-02-20,181.7899932861328,182.42999267578125,180.0,181.55999755859375,179.60205078125,53665600,0.0,0.0
2024-02-21,181.94000244140625,182.88999938964844,180.66000366210938,182.32000732421875,180.3538360595703,41371400,0.0,0.0
2024-02-22,183.47999572753906,184.9600067138672,182.4600067138672,184.3699951171875,182.3817138671875,52292200,0.0,0.0
2024-02-23,185.00999450683594,185.0399932861328,182.22999572753906,182.52000427246094,180.55169677734375,45119700,0.0,0.0
2024-02-26,182.24000549316406,182.75999450683594,180.64999389648438,181.16000366210938,179.20635986328125,40867400,0.0,0.0
2024-02-27,181.10000610351562,183.9199981689453,179.55999755859375,182.6300048828125,180.66049194335938,54318900,0.0,0.0
2024-02-28,182.50999450683594,183.1199951171875,180.1300048828125,181.4199981689453,179.46353149414062,48953900,0.0,0.0
2024-02-29,181.27000427246094,182.57000732421875,179.52999877929688,180.75,178.80076599121094,136682600,0.0,0.0
2024-03-01,179.5500030517578,180.52999877929688,177.3800048828125,179.66000366210938,177.7225341796875,73563100,0.0,0.0
2024-03-04,176.14999389648438,176.89999389648438,173.7899932861328,175.10000610351562,173.21168518066406,81510100,0.0,0.0
2024-03-05,170.75999450683594,172.0399932861328,169.6199951171875,170.1199951171875,168.28538513183594,95132400,0.0,0.0
2024-03-06,171.05999755859375,171.24000549316406,168.67999267578125,169.1199951171875,167.2961883544922,68587700,0.0,0.0
2024-03-07,169.14999389648438,170.72999572753906,168.49000549316406,169.0,167.177490234375,71765100,0.0,0.0
2024-03-08,169.0,173.6999969482422,168.94000244140625,170.72999572753906,168.8888397216797,76267000,0.0,0.0
2024-03-11,172.94000244140625,174.3800048828125,172.0500030517578,172.75,170.8870391845703,60139500,0.0,0.0
2024-03-12,173.14999389648438,174.02999877929688,171.00999450683594,173.22999572753906,171.36187744140625,59825400,0.0,0.0
2024-03-13,172.77000427246094,173.19000244140625,170.75999450683594,171.1300048828125,169.28453063964844,52488700,0.0,0.0
2024-03-14,172.91000366210938,174.30999755859375,172.0500030517578,173.0,171.13433837890625,72913500,0.0,0.0
2024-03-15,171.1699981689453,172.6199951171875,170.2899932861328,172.6199951171875,170.75843811035156,121752700,0.0,0.0
2024-03-18,175.57000732421875,177.7100067138672,173.52000427246094,173.72000122070312,171.84658813476562,75604200,0.0,0.0
2024-03-19,174.33999633789062,176.61000061035156,173.02999877929688,176.0800018310547,174.1811065673828,55215200,0.0,0.0
2024-03-20,175.72000122070312,178.6699981689453,175.08999633789062,178.6699981689453,176.7432098388672,53423100,0.0,0.0
2024-03-21,177.0500030517578,177.49000549316406,170.83999633789062,171.3699951171875,169.52191162109375,106181300,0.0,0.0
2024-03-22,171.75999450683594,173.0500030517578,170.05999755859375,172.27999877929688,170.422119140625,71160100,0.0,0.0
2024-03-25,170.57000732421875,171.94000244140625,169.4499969482422,170.85000610351562,169.007568359375,54288300,0.0,0.0
2024-03-26,170.0,171.4199981689453,169.5800018310547,169.7100067138672,167.87985229492188,57388400,0.0,0.0
2024-03-27,170.41000366210938,173.60000610351562,170.11000061035156,173.30999755859375,171.44102478027344,60273300,0.0,0.0
2024-03-28,171.75,172.22999572753906,170.50999450683594,171.47999572753906,169.63072204589844,65672700,0.0,0.0
2024-04-01,171.19000244140625,171.25,169.47999572753906,170.02999877929688,168.19639587402344,46240500,0.0,0.0
2024-04-02,169.0800018310547,169.33999633789062,168.22999572753906,168.83999633789062,167.01919555664062,49329500,0.0,0.0
2024-04-03,168.7899932861328,170.67999267578125,168.5800018310547,169.64999389648438,167.82044982910156,47691700,0.0,0.0
2024-04-04,170.2899932861328,171.9199981689453,168.82000732421875,168.82000732421875,166.99945068359375,53704400,0.0,0.0
2024-04-05,169.58999633789062,170.38999938964844,168.9499969482422,169.5800018310547,167.75123596191406,42104800,0.0,0.0
2024-04-08,169.02999877929688,169.1999969482422,168.24000549316406,168.4499969482422,166.63340759277344,37425500,0.0,0.0
2024-04-09,168.6999969482422,170.0800018310547,168.35000610351562,169.6699981689453,167.84027099609375,42373800,0.0,0.0
2024-04-10,168.8000030517578,169.08999633789062,167.11000061035156,167.77999877929688,165.97064208984375,49709300,0.0,0.0
2024-04-11,168.33999633789062,175.4600067138672,168.16000366210938,175.0399932861328,173.15234375,91070300,0.0,0.0
2024-04-12,174.25999450683594,178.36000061035156,174.2100067138672,176.5500030517578,174.64605712890625,101670900,0.0,0.0
2024-04-15,175.36000061035156,176.6300048828125,172.5,172.69000244140625,170.82769775390625,73531800,0.0,0.0
2024-04-16,171.75,173.75999450683594,168.27000427246094,169.3800048828125,167.55340576171875,73711200,0.0,0.0
2024-04-17,169.61000061035156,170.64999389648438,168.0,168.0,166.1882781982422,50901200,0.0,0.0
2024-04-18,168.02999877929688,168.63999938964844,166.5500030517578,167.0399932861328,165.23858642578125,43122900,0.0,0.0
2024-04-19,166.2100067138672,166.39999389648438,164.0800018310547,165.0,163.22059631347656,68149400,0.0,0.0
2024-04-22,165.52000427246094,167.25999450683594,164.77000427246094,165.83999633789062,164.05154418945312,48116400,0.0,0.0
2024-04-23,165.35000610351562,167.0500030517578,164.9199981689453,166.89999389648438,165.10011291503906,49537800,0.0,0.0
2024-04-24,166.5399932861328,169.3000030517578,166.2100067138672,169.02000427246094,167.197265625,48251800,0.0,0.0
2024-04-25,169.52999877929688,170.61000061035156,168.14999389648438,169.88999938964844,168.05787658691406,50558300,0.0,0.0
2024-04-26,169.8800048828125,171.33999633789062,169.17999267578125,169.3000030517578,167.4742431640625,44838400,0.0,0.0
2024-04-29,173.3699951171875,176.02999877929688,173.10000610351562,173.5,171.62896728515625,68169400,0.0,0.0
2024-04-30,173.3300018310547,174.99000549316406,170.0,170.3300018310547,168.49314880371094,65934800,0.0,0.0
2024-05-01,169.5800018310547,172.7100067138672,169.11000061035156,169.3000030517578,167.4742431640625,50383100,0.0,0.0
2024-05-02,172.50999450683594,173.4199981689453,170.88999938964844,173.02999877929688,171.1640167236328,94214900,0.0,0.0
2024-05-03,186.64999389648438,187.0,182.66000366210938,183.3800048828125,181.40240478515625,163224100,0.0,0.0
2024-05-06,182.35000610351562,184.1999969482422,180.4199981689453,181.7100067138672,179.75042724609375,78569700,0.0,0.0
2024-05-07,183.4499969482422,184.89999389648438,181.32000732421875,182.39999389648438,180.43296813964844,77305800,0.0,0.0
2024-05-08,182.85000610351562,183.07000732421875,181.4499969482422,182.74000549316406,180.76931762695312,45057100,0.0,0.0
2024-05-09,182.55999755859375,184.66000366210938,182.11000061035156,184.57000732421875,182.57955932617188,48983000,0.0,0.0
2024-05-10,184.89999389648438,185.08999633789062,182.1300048828125,183.0500030517578,181.3215789794922,50759500,0.25,0.0
2024-05-13,185.44000244140625,187.10000610351562,184.6199951171875,186.27999877929688,184.5210723876953,72044800,0.0,0.0
2024-05-14,187.50999450683594,188.3000030517578,186.2899932861328,187.42999267578125,185.6602020263672,52393600,0.0,0.0
2024-05-15,187.91000366210938,190.64999389648438,187.3699951171875,189.72000122070312,187.9285888671875,70400000,0.0,0.0
2024-05-16,190.47000122070312,191.10000610351562,189.66000366210938,189.83999633789062,188.04745483398438,52845200,0.0,0.0
2024-05-17,189.50999450683594,190.80999755859375,189.17999267578125,189.8699951171875,188.0771484375,41282900,0.0,0.0
2024-05-20,189.3300018310547,191.9199981689453,189.00999450683594,191.0399932861328,189.23611450195312,44361300,0.0,0.0
2024-05-21,191.08999633789062,192.72999572753906,190.9199981689453,192.35000610351562,190.5337677001953,42309400,0.0,0.0
2024-05-22,192.27000427246094,192.82000732421875,190.27000427246094,190.89999389648438,189.09742736816406,34648500,0.0,0.0
2024-05-23,190.97999572753906,191.0,186.6300048828125,186.8800048828125,185.1154327392578,51005900,0.0,0.0
2024-05-24,188.82000732421875,190.5800018310547,188.0399932861328,189.97999572753906,188.18614196777344,36327000,0.0,0.0
2024-05-28,191.50999450683594,193.0,189.10000610351562,189.99000549316406,188.19606018066406,52280100,0.0,0.0
2024-05-29,189.61000061035156,192.25,189.50999450683594,190.2899932861328,188.4932098388672,53068000,0.0,0.0
2024-05-30,190.75999450683594,192.17999267578125,190.6300048828125,191.2899932861328,189.48377990722656,49889100,0.0,0.0
2024-05-31,191.44000244140625,192.57000732421875,189.91000366210938,192.25,190.4347381591797,75158300,0.0,0.0
2024-06-03,192.89999389648438,194.99000549316406,192.52000427246094,194.02999877929688,192.19790649414062,50080500,0.0,0.0
2024-06-04,194.63999938964844,195.32000732421875,193.02999877929688,194.35000610351562,192.514892578125,47471400,0.0,0.0
2024-06-05,195.39999389648438,196.89999389648438,194.8699951171875,195.8699951171875,194.0205078125,54156800,0.0,0.0
2024-06-06,195.69000244140625,196.5,194.1699981689453,194.47999572753906,192.64364624023438,41181800,0.0,0.0
2024-06-07,194.64999389648438,196.94000244140625,194.13999938964844,196.88999938964844,195.0308837890625,53103900,0.0,0.0
2024-06-10,196.89999389648438,197.3000030517578,192.14999389648438,193.1199951171875,191.29647827148438,97010200,0.0,0.0
2024-06-11,193.64999389648438,207.16000366210938,193.6300048828125,207.14999389648438,205.1940155029297,172373300,0.0,0.0
2024-06-12,207.3699951171875,220.1999969482422,206.89999389648438,213.07000732421875,211.05812072753906,198134300,0.0,0.0
2024-06-13,214.74000549316406,216.75,211.60000610351562,214.24000549316406,212.21707153320312,97862700,0.0,0.0
2024-06-14,213.85000610351562,215.1699981689453,211.3000030517578,212.49000549316406,210.48362731933594,70122700,0.0,0.0
2024-06-17,213.3699951171875,218.9499969482422,212.72000122070312,216.6699981689453,214.6241455078125,93728300,0.0,0.0
2024-06-18,217.58999633789062,218.6300048828125,213.0,214.2899932861328,212.2666015625,79943300,0.0,0.0
2024-06-20,213.92999267578125,214.24000549316406,208.85000610351562,209.67999267578125,207.7001495361328,86172500,0.0,0.0
2024-06-21,210.38999938964844,211.88999938964844,207.11000061035156,207.49000549316406,205.53079223632812,241805100,0.0,0.0
2024-06-24,207.72000122070312,212.6999969482422,206.58999633789062,208.13999938964844,206.1746368408203,80727000,0.0,0.0
2024-06-25,209.14999389648438,211.3800048828125,208.61000061035156,209.07000732421875,207.0959014892578,55549700,0.0,0.0
2024-06-26,211.5,214.86000061035156,210.63999938964844,213.25,211.2364044189453,66213200,0.0,0.0
2024-06-27,214.69000244140625,215.74000549316406,212.35000610351562,214.10000610351562,212.07839965820312,49772700,0.0,0.0
2024-06-28,215.77000427246094,216.07000732421875,210.3000030517578,210.6199951171875,208.63124084472656,82542700,0.0,0.0
2024-07-01,212.08999633789062,217.50999450683594,211.9199981689453,216.75,214.70338439941406,60402900,0.0,0.0
2024-07-02,216.14999389648438,220.3800048828125,215.10000610351562,220.27000427246094,218.1901397705078,58046200,0.0,0.0
2024-07-03,220.0,221.5500030517578,219.02999877929688,221.5500030517578,219.4580535888672,37369800,0.0,0.0
2024-07-05,221.64999389648438,226.4499969482422,221.64999389648438,226.33999633789062,224.2028045654297,60412400,0.0,0.0
2024-07-08,227.08999633789062,227.85000610351562,223.25,227.82000732421875,225.66885375976562,59085900,0.0,0.0
2024-07-09,227.92999267578125,229.39999389648438,226.3699951171875,228.67999267578125,226.5207061767578,48076100,0.0,0.0
2024-07-10,229.3000030517578,233.0800018310547,229.25,232.97999572753906,230.7801055908203,62627700,0.0,0.0
2024-07-11,231.38999938964844,232.38999938964844,225.77000427246094,227.57000732421875,225.4212188720703,64710600,0.0,0.0
2024-07-12,228.9199981689453,232.63999938964844,228.67999267578125,230.5399932861328,228.3631591796875,53046500,0.0,0.0
2024-07-15,236.47999572753906,237.22999572753906,233.08999633789062,234.39999389648438,232.18670654296875,62631300,0.0,0.0
2024-07-16,235.0,236.27000427246094,232.3300018310547,234.82000732421875,232.60276794433594,43234300,0.0,0.0
2024-07-17,229.4499969482422,231.4600067138672,226.63999938964844,228.8800048828125,226.71884155273438,57345900,0.0,0.0
2024-07-18,230.27999877929688,230.44000244140625,222.27000427246094,224.17999267578125,222.0631866455078,66034600,0.0,0.0
2024-07-19,224.82000732421875,226.8000030517578,223.27999877929688,224.30999755859375,222.19198608398438,49151500,0.0,0.0
2024-07-22,227.00999450683594,227.77999877929688,223.08999633789062,223.9600067138672,221.84527587890625,48201800,0.0,0.0
2024-07-23,224.3699951171875,226.94000244140625,222.67999267578125,225.00999450683594,222.88536071777344,39960300,0.0,0.0
2024-07-24,224.0,224.8000030517578,217.1300048828125,218.5399932861328,216.4764404296875,61777600,0.0,0.0
2024-07-25,218.92999267578125,220.85000610351562,214.6199951171875,217.49000549316406,215.43637084960938,51391200,0.0,0.0
2024-07-26,218.6999969482422,219.49000549316406,216.00999450683594,217.9600067138672,215.90196228027344,41601300,0.0,0.0
2024-07-29,216.9600067138672,219.3000030517578,215.75,218.24000549316406,216.17929077148438,36311800,0.0,0.0
2024-07-30,219.19000244140625,220.3300018310547,216.1199951171875,218.8000030517578,216.7340087890625,41643800,0.0,0.0
2024-07-31,221.44000244140625,223.82000732421875,220.6300048828125,222.0800018310547,219.98304748535156,50036300,0.0,0.0
2024-08-01,224.3699951171875,224.47999572753906,217.02000427246094,218.36000061035156,216.29815673828125,62501000,0.0,0.0
2024-08-02,219.14999389648438,225.60000610351562,217.7100067138672,219.86000061035156,217.7840118408203,105568600,0.0,0.0
2024-08-05,199.08999633789062,213.5,196.0,209.27000427246094,207.29400634765625,119548600,0.0,0.0
2024-08-06,205.3000030517578,209.99000549316406,201.07000732421875,207.22999572753906,205.2732696533203,69660500,0.0,0.0
2024-08-07,206.89999389648438,213.63999938964844,206.38999938964844,209.82000732421875,207.83883666992188,63516400,0.0,0.0
2024-08-08,213.11000061035156,214.1999969482422,208.8300018310547,213.30999755859375,211.29583740234375,47161100,0.0,0.0
2024-08-09,212.10000610351562,216.77999877929688,211.97000122070312,216.24000549316406,214.19821166992188,42201600,0.0,0.0
2024-08-12,216.07000732421875,219.50999450683594,215.60000610351562,217.52999877929688,215.72540283203125,38028100,0.25,0.0
2024-08-13,219.00999450683594,221.88999938964844,219.00999450683594,221.27000427246094,219.43438720703125,44155300,0.0,0.0
2024-08-14,220.57000732421875,223.02999877929688,219.6999969482422,221.72000122070312,219.8806610107422,41960600,0.0,0.0
2024-08-15,224.60000610351562,225.35000610351562,222.75999450683594,224.72000122070312,222.8557891845703,46414000,0.0,0.0
2024-08-16,223.9199981689453,226.8300018310547,223.64999389648438,226.0500030517578,224.17471313476562,44340200,0.0,0.0
2024-08-19,225.72000122070312,225.99000549316406,223.0399932861328,225.88999938964844,224.0160675048828,40687800,0.0,0.0
2024-08-20,225.77000427246094,227.1699981689453,225.4499969482422,226.50999450683594,224.6309051513672,30299000,0.0,0.0
2024-08-21,226.52000427246094,227.97999572753906,225.0500030517578,226.39999389648438,224.5218048095703,34765500,0.0,0.0
2024-08-22,227.7899932861328,228.33999633789062,223.89999389648438,224.52999877929688,222.66734313964844,43695300,0.0,0.0
2024-08-23,225.66000366210938,228.22000122070312,224.3300018310547,226.83999633789062,224.9581756591797,38677300,0.0,0.0
2024-08-26,226.75999450683594,227.27999877929688,223.88999938964844,227.17999267578125,225.29534912109375,30602200,0.0,0.0
2024-08-27,226.0,228.85000610351562,224.88999938964844,228.02999877929688,226.1383056640625,35934600,0.0,0.0
2024-08-28,227.9199981689453,229.86000061035156,225.67999267578125,226.49000549316406,224.611083984375,38052200,0.0,0.0
2024-08-29,230.10000610351562,232.9199981689453,228.8800048828125,229.7899932861328,227.88369750976562,51906300,0.0,0.0
2024-08-30,230.19000244140625,230.39999389648438,227.47999572753906,229.0,227.1002655029297,52990800,0.0,0.0
2024-09-03,228.5500030517578,229.0,221.1699981689453,222.77000427246094,220.9219512939453,50190600,0.0,0.0
2024-09-04,221.66000366210938,221.77999877929688,217.47999572753906,220.85000610351562,219.0178680419922,43840200,0.0,0.0
2024-09-05,221.6300048828125,225.47999572753906,221.52000427246094,222.3800048828125,220.5352020263672,36615400,0.0,0.0
2024-09-06,223.9499969482422,225.24000549316406,219.77000427246094,220.82000732421875,218.9881134033203,48423000,0.0,0.0
2024-09-09,220.82000732421875,221.27000427246094,216.7100067138672,220.91000366210938,219.07737731933594,67180000,0.0,0.0
2024-09-10,218.9199981689453,221.47999572753906,216.72999572753906,220.11000061035156,218.2840118408203,51591000,0.0,0.0
2024-09-11,221.4600067138672,223.08999633789062,217.88999938964844,222.66000366210938,220.8128662109375,44587100,0.0,0.0
2024-09-12,222.5,223.5500030517578,219.82000732421875,222.77000427246094,220.9219512939453,37455600,0.0,0.0
2024-09-13,223.5800018310547,224.0399932861328,221.91000366210938,222.5,220.65415954589844,36766600,0.0,0.0
2024-09-16,216.5399932861328,217.22000122070312,213.9199981689453,216.32000732421875,214.5254669189453,59357400,0.0,0.0
2024-09-17,215.75,216.89999389648438,214.5,216.7899932861328,214.99156188964844,45519300,0.0,0.0
2024-09-18,217.5500030517578,222.7100067138672,217.5399932861328,220.69000244140625,218.8592071533203,59894900,0.0,0.0
2024-09-19,224.99000549316406,229.82000732421875,224.6300048828125,228.8699951171875,226.97132873535156,66781300,0.0,0.0
2024-09-20,229.97000122070312,233.08999633789062,227.6199951171875,228.1999969482422,226.306884765625,318679900,0.0,0.0
2024-09-23,227.33999633789062,229.4499969482422,225.80999755859375,226.47000122070312,224.59124755859375,54146000,0.0,0.0
2024-09-24,228.64999389648438,229.35000610351562,225.72999572753906,227.3699951171875,225.48377990722656,43556100,0.0,0.0
2024-09-25,224.92999267578125,227.2899932861328,224.02000427246094,226.3699951171875,224.49205017089844,42308700,0.0,0.0
2024-09-26,227.3000030517578,228.5,225.41000366210938,227.52000427246094,225.6325225830078,36636700,0.0,0.0
2024-09-27,228.4600067138672,229.52000427246094,227.3000030517578,227.7899932861328,225.90028381347656,34026000,0.0,0.0
2024-09-30,230.0399932861328,233.0,229.64999389648438,233.0,231.06707763671875,54541900,0.0,0.0
2024-10-01,229.52000427246094,229.64999389648438,223.74000549316406,226.2100067138672,224.3334197998047,63285000,0.0,0.0
2024-10-02,225.88999938964844,227.3699951171875,223.02000427246094,226.77999877929688,224.89866638183594,32880600,0.0,0.0
2024-10-03,225.13999938964844,226.80999755859375,223.32000732421875,225.6699981689453,223.79788208007812,34044200,0.0,0.0
2024-10-04,227.89999389648438,228.0,224.1300048828125,226.8000030517578,224.91851806640625,37245100,0.0,0.0
2024-10-07,224.5,225.69000244140625,221.3300018310547,221.69000244140625,219.8509063720703,39505400,0.0,0.0
2024-10-08,224.3000030517578,225.97999572753906,223.25,225.77000427246094,223.89706420898438,31855700,0.0,0.0
2024-10-09,225.22999572753906,229.75,224.8300018310547,229.5399932861328,227.63575744628906,33591100,0.0,0.0
2024-10-10,227.77999877929688,229.5,227.1699981689453,229.0399932861328,227.13990783691406,28183500,0.0,0.0
2024-10-11,229.3000030517578,229.41000366210938,227.33999633789062,227.5500030517578,225.66229248046875,31759200,0.0,0.0
2024-10-14,228.6999969482422,231.72999572753906,228.60000610351562,231.3000030517578,229.38116455078125,39882100,0.0,0.0
2024-10-15,233.61000061035156,237.49000549316406,232.3699951171875,233.85000610351562,231.91001892089844,64751400,0.0,0.0
2024-10-16,231.60000610351562,232.1199951171875,229.83999633789062,231.77999877929688,229.85719299316406,34082200,0.0,0.0
2024-10-17,233.42999267578125,233.85000610351562,230.52000427246094,232.14999389648438,230.22413635253906,32993800,0.0,0.0
2024-10-18,236.17999267578125,236.17999267578125,234.00999450683594,235.0,233.0504913330078,46431500,0.0,0.0
2024-10-21,234.4499969482422,236.85000610351562,234.4499969482422,236.47999572753906,234.51821899414062,36254500,0.0,0.0
2024-10-22,233.88999938964844,236.22000122070312,232.60000610351562,235.86000061035156,233.90333557128906,38846600,0.0,0.0
2024-10-23,234.0800018310547,235.13999938964844,227.75999450683594,230.75999450683594,228.84567260742188,52287000,0.0,0.0
2024-10-24,229.97999572753906,230.82000732421875,228.41000366210938,230.57000732421875,228.6572265625,31109500,0.0,0.0
2024-10-25,229.74000549316406,233.22000122070312,229.57000732421875,231.41000366210938,229.49026489257812,38802300,0.0,0.0
2024-10-28,233.32000732421875,234.72999572753906,232.5500030517578,233.39999389648438,231.4637451171875,36087100,0.0,0.0
2024-10-29,233.10000610351562,234.3300018310547,232.32000732421875,233.6699981689453,231.73150634765625,35417200,0.0,0.0
2024-10-30,232.61000061035156,233.47000122070312,229.5500030517578,230.10000610351562,228.19114685058594,47070900,0.0,0.0
2024-10-31,229.33999633789062,229.8300018310547,225.3699951171875,225.91000366210938,224.035888671875,64370100,0.0,0.0
2024-11-01,220.97000122070312,225.35000610351562,220.27000427246094,222.91000366210938,221.060791015625,65276700,0.0,0.0
2024-11-04,220.99000549316406,222.7899932861328,219.7100067138672,222.00999450683594,220.16822814941406,44944500,0.0,0.0
2024-11-05,221.8000030517578,223.9499969482422,221.13999938964844,223.4499969482422,221.59629821777344,28111300,0.0,0.0
2024-11-06,222.61000061035156,226.07000732421875,221.19000244140625,222.72000122070312,220.87234497070312,54561100,0.0,0.0
2024-11-07,224.6300048828125,227.8800048828125,224.57000732421875,227.47999572753906,225.59286499023438,42137700,0.0,0.0
2024-11-08,227.1699981689453,228.66000366210938,226.41000366210938,226.9600067138672,225.3248291015625,38328800,0.25,0.0
2024-11-11,225.0,225.6999969482422,221.5,224.22999572753906,222.61447143554688,42005600,0.0,0.0
2024-11-12,224.5500030517578,225.58999633789062,223.36000061035156,224.22999572753906,222.61447143554688,40398300,0.0,0.0
2024-11-13,224.00999450683594,226.64999389648438,222.75999450683594,225.1199951171875,223.49806213378906,48566200,0.0,0.0
2024-11-14,225.02000427246094,228.8699951171875,225.0,228.22000122070312,226.57574462890625,44923900,0.0,0.0
2024-11-15,226.39999389648438,226.9199981689453,224.27000427246094,225.0,223.37893676757812,47923700,0.0,0.0
2024-11-18,225.25,229.74000549316406,225.1699981689453,228.02000427246094,226.37718200683594,44633700,0.0,0.0
2024-11-19,226.97999572753906,230.16000366210938,226.66000366210938,228.27999877929688,226.6352996826172,36211800,0.0,0.0
2024-11-20,228.05999755859375,229.92999267578125,225.88999938964844,229.0,227.35011291503906,35169600,0.0,0.0
2024-11-21,228.8800048828125,230.16000366210938,225.7100067138672,228.52000427246094,226.8735809326172,42108300,0.0,0.0
2024-11-22,228.05999755859375,230.72000122070312,228.05999755859375,229.8699951171875,228.2138214111328,38168300,0.0,0.0
2024-11-25,231.4600067138672,233.25,229.74000549316406,232.8699951171875,231.1922149658203,90152800,0.0,0.0
2024-11-26,233.3300018310547,235.57000732421875,233.3300018310547,235.05999755859375,233.366455078125,45986200,0.0,0.0
2024-11-27,234.47000122070312,235.69000244140625,233.80999755859375,234.92999267578125,233.23736572265625,33498400,0.0,0.0
2024-11-29,234.80999755859375,237.80999755859375,233.97000122070312,237.3300018310547,235.62010192871094,28481400,0.0,0.0
2024-12-02,237.27000427246094,240.7899932861328,237.16000366210938,239.58999633789062,237.86380004882812,48137100,0.0,0.0
2024-12-03,239.80999755859375,242.75999450683594,238.89999389648438,242.64999389648438,240.90174865722656,38861000,0.0,0.0
2024-12-04,242.8699951171875,244.11000061035156,241.25,243.00999450683594,241.25917053222656,44383900,0.0,0.0
2024-12-05,243.99000549316406,244.5399932861328,242.1300048828125,243.0399932861328,241.28897094726562,40033900,0.0,0.0
2024-12-06,242.91000366210938,244.6300048828125,242.0800018310547,242.83999633789062,241.0904083251953,36870600,0.0,0.0
2024-12-09,241.8300018310547,247.24000549316406,241.75,246.75,244.9722442626953,44649200,0.0,0.0
2024-12-10,246.88999938964844,248.2100067138672,245.33999633789062,247.77000427246094,245.98489379882812,36914800,0.0,0.0
2024-12-11,247.9600067138672,250.8000030517578,246.25999450683594,246.49000549316406,244.71414184570312,45205800,0.0,0.0
2024-12-12,246.88999938964844,248.74000549316406,245.67999267578125,247.9600067138672,246.1735076904297,32777500,0.0,0.0
2024-12-13,247.82000732421875,249.2899932861328,246.24000549316406,248.1300048828125,246.34231567382812,33155300,0.0,0.0
2024-12-16,247.99000549316406,251.3800048828125,247.64999389648438,251.0399932861328,249.23130798339844,51694800,0.0,0.0
2024-12-17,250.0800018310547,253.8300018310547,249.77999877929688,253.47999572753906,251.6537322998047,51356400,0.0,0.0
2024-12-18,252.16000366210938,254.27999877929688,247.74000549316406,248.0500030517578,246.2628936767578,56774100,0.0,0.0
2024-12-19,247.5,252.0,247.08999633789062,249.7899932861328,247.99032592773438,60882300,0.0,0.0
2024-12-20,248.0399932861328,255.0,245.69000244140625,254.49000549316406,252.65646362304688,147495300,0.0,0.0
2024-12-23,254.77000427246094,255.64999389648438,253.4499969482422,255.27000427246094,253.4308319091797,40858800,0.0,0.0
2024-12-24,255.49000549316406,258.2099914550781,255.2899932861328,258.20001220703125,256.3397216796875,23234700,0.0,0.0
2024-12-26,258.19000244140625,260.1000061035156,257.6300048828125,259.0199890136719,257.15380859375,27237100,0.0,0.0
2024-12-27,257.8299865722656,258.70001220703125,253.05999755859375,255.58999633789062,253.74853515625,42355300,0.0,0.0
2024-12-30,252.22999572753906,253.5,250.75,252.1999969482422,250.38296508789062,35557500,0.0,0.0
2024-12-31,252.44000244140625,253.27999877929688,249.42999267578125,250.4199981689453,248.6157989501953,39480700,0.0,0.0
2025-01-02,248.92999267578125,249.10000610351562,241.82000732421875,243.85000610351562,242.0931396484375,55740700,0.0,0.0
2025-01-03,243.36000061035156,244.17999267578125,241.88999938964844,243.36000061035156,241.60665893554688,40244100,0.0,0.0
2025-01-06,244.30999755859375,247.3300018310547,243.1999969482422,245.0,243.2348175048828,45045600,0.0,0.0
2025-01-07,242.97999572753906,245.5500030517578,241.35000610351562,242.2100067138672,240.4649658203125,40856000,0.0,0.0
2025-01-08,241.9199981689453,243.7100067138672,240.0500030517578,242.6999969482422,240.95143127441406,37628900,0.0,0.0
2025-01-10,240.00999450683594,240.16000366210938,233.0,236.85000610351562,235.1435546875,61710900,0.0,0.0
2025-01-13,233.52999877929688,234.6699981689453,229.72000122070312,234.39999389648438,232.71121215820312,49630700,0.0,0.0
2025-01-14,234.75,236.1199951171875,232.47000122070312,233.27999877929688,231.59927368164062,39435300,0.0,0.0
2025-01-15,234.63999938964844,238.9600067138672,234.42999267578125,237.8699951171875,236.1562042236328,39832000,0.0,0.0
2025-01-16,237.35000610351562,238.00999450683594,228.02999877929688,228.25999450683594,226.61544799804688,71759100,0.0,0.0
2025-01-17,232.1199951171875,232.2899932861328,228.47999572753906,229.97999572753906,228.3230743408203,68488300,0.0,0.0
2025-01-21,224.0,224.4199981689453,219.3800048828125,222.63999938964844,221.03594970703125,98070400,0.0,0.0
2025-01-22,219.7899932861328,224.1199951171875,219.7899932861328,223.8300018310547,222.2173614501953,64126500,0.0,0.0
2025-01-23,224.74000549316406,227.02999877929688,222.3000030517578,223.66000366210938,222.048583984375,60234800,0.0,0.0
2025-01-24,224.77999877929688,225.6300048828125,221.41000366210938,222.77999877929688,221.17494201660156,54697900,0.0,0.0
2025-01-27,224.02000427246094,232.14999389648438,223.97999572753906,229.86000061035156,228.20391845703125,94863400,0.0,0.0
2025-01-28,230.85000610351562,240.19000244140625,230.80999755859375,238.25999450683594,236.5434112548828,75707600,0.0,0.0
2025-01-29,234.1199951171875,239.86000061035156,234.00999450683594,239.36000061035156,237.6354522705078,45486100,0.0,0.0
2025-01-30,238.6699981689453,240.7899932861328,237.2100067138672,237.58999633789062,235.8782196044922,55658300,0.0,0.0
2025-01-31,247.19000244140625,247.19000244140625,233.44000244140625,236.0,234.29966735839844,100959800,0.0,0.0
2025-02-03,229.99000549316406,231.8300018310547,225.6999969482422,228.00999450683594,226.3672332763672,73063300,0.0,0.0
2025-02-04,227.25,233.1300048828125,226.64999389648438,232.8000030517578,231.12274169921875,45067300,0.0,0.0
2025-02-05,228.52999877929688,232.6699981689453,228.27000427246094,232.47000122070312,230.79513549804688,39620300,0.0,0.0
2025-02-06,231.2899932861328,233.8000030517578,230.42999267578125,233.22000122070312,231.5397186279297,29925300,0.0,0.0
2025-02-07,232.60000610351562,234.0,227.25999450683594,227.6300048828125,225.98995971679688,39707200,0.0,0.0
2025-02-10,229.57000732421875,230.58999633789062,227.1999969482422,227.64999389648438,226.25833129882812,33115600,0.25,0.0
2025-02-11,228.1999969482422,235.22999572753906,228.1300048828125,232.6199951171875,231.19793701171875,53718400,0.0,0.0
2025-02-12,231.1999969482422,236.9600067138672,230.67999267578125,236.8699951171875,235.42196655273438,45243300,0.0,0.0
2025-02-13,236.91000366210938,242.33999633789062,235.57000732421875,241.52999877929688,240.05348205566406,53614100,0.0,0.0
2025-02-14,241.25,245.5500030517578,240.99000549316406,244.60000610351562,243.10472106933594,40896200,0.0,0.0
2025-02-18,244.14999389648438,245.17999267578125,241.83999633789062,244.47000122070312,242.9755096435547,48822500,0.0,0.0
2025-02-19,244.66000366210938,246.00999450683594,243.16000366210938,244.8699951171875,243.37307739257812,32204200,0.0,0.0
2025-02-20,244.94000244140625,246.77999877929688,244.2899932861328,245.8300018310547,244.3271942138672,32316900,0.0,0.0
2025-02-21,245.9499969482422,248.69000244140625,245.22000122070312,245.5500030517578,244.04888916015625,53197400,0.0,0.0
2025-02-24,244.92999267578125,248.86000061035156,244.4199981689453,247.10000610351562,245.58944702148438,51326400,0.0,0.0
2025-02-25,248.0,250.0,244.91000366210938,247.0399932861328,245.52980041503906,48013300,0.0,0.0
2025-02-26,244.3300018310547,244.97999572753906,239.1300048828125,240.36000061035156,238.89064025878906,44433600,0.0,0.0
2025-02-27,239.41000366210938,242.4600067138672,237.05999755859375,237.3000030517578,235.84933471679688,41153600,0.0,0.0
2025-02-28,236.9499969482422,242.08999633789062,230.1999969482422,241.83999633789062,240.36160278320312,56833400,0.0,0.0
2025-03-03,241.7899932861328,244.02999877929688,236.11000061035156,238.02999877929688,236.5748748779297,47184000,0.0,0.0
2025-03-04,237.7100067138672,240.07000732421875,234.67999267578125,235.92999267578125,234.4877166748047,53798100,0.0,0.0
2025-03-05,235.4199981689453,236.5500030517578,229.22999572753906,235.74000549316406,234.2988739013672,47227600,0.0,0.0
2025-03-06,234.44000244140625,237.86000061035156,233.16000366210938,235.3300018310547,233.89138793945312,45170400,0.0,0.0
2025-03-07,235.11000061035156,241.3699951171875,234.75999450683594,239.07000732421875,237.60853576660156,46273600,0.0,0.0
2025-03-10,235.5399932861328,236.16000366210938,224.22000122070312,227.47999572753906,226.08937072753906,72071200,0.0,0.0
2025-03-11,223.80999755859375,225.83999633789062,217.4499969482422,220.83999633789062,219.48995971679688,76137400,0.0,0.0
2025-03-12,220.13999938964844,221.75,214.91000366210938,216.97999572753906,215.653564453125,62547500,0.0,0.0
2025-03-13,215.9499969482422,216.83999633789062,208.4199981689453,209.67999267578125,208.398193359375,61368300,0.0,0.0
2025-03-14,211.25,213.9499969482422,209.5800018310547,213.49000549316406,212.18487548828125,60107600,0.0,0.0
2025-03-17,213.30999755859375,215.22000122070312,209.97000122070312,214.0,212.69180297851562,48073400,0.0,0.0
2025-03-18,214.16000366210938,215.14999389648438,211.49000549316406,212.69000244140625,211.38978576660156,42432400,0.0,0.0
2025-03-19,214.22000122070312,218.75999450683594,213.75,215.24000549316406,213.9241943359375,54385400,0.0,0.0
2025-03-20,213.99000549316406,217.49000549316406,212.22000122070312,214.10000610351562,212.7911834716797,48862900,0.0,0.0
2025-03-21,211.55999755859375,218.83999633789062,211.27999877929688,218.27000427246094,216.93568420410156,94127800,0.0,0.0
2025-03-24,221.0,221.47999572753906,218.5800018310547,220.72999572753906,219.38064575195312,44299500,0.0,0.0
2025-03-25,220.77000427246094,224.10000610351562,220.0800018310547,223.75,222.38217163085938,34493600,0.0,0.0
2025-03-26,223.50999450683594,225.02000427246094,220.47000122070312,221.52999877929688,220.17575073242188,34466100,0.0,0.0
2025-03-27,221.38999938964844,224.99000549316406,220.55999755859375,223.85000610351562,222.48158264160156,37094800,0.0,0.0
2025-03-28,221.6699981689453,223.80999755859375,217.67999267578125,217.89999389648438,216.56793212890625,39818600,0.0,0.0
2025-03-31,217.00999450683594,225.6199951171875,216.22999572753906,222.1300048828125,220.7720947265625,65299300,0.0,0.0
2025-04-01,219.80999755859375,223.67999267578125,218.89999389648438,223.19000244140625,221.8256072998047,36412700,0.0,0.0
2025-04-02,221.32000732421875,225.19000244140625,221.02000427246094,223.88999938964844,222.5213165283203,35905900,0.0,0.0
2025-04-03,205.5399932861328,207.49000549316406,201.25,203.19000244140625,201.9478759765625,103419000,0.0,0.0
2025-04-04,193.88999938964844,199.8800048828125,187.33999633789062,188.3800048828125,187.22840881347656,125910900,0.0,0.0
2025-04-07,177.1999969482422,194.14999389648438,174.6199951171875,181.4600067138672,180.35072326660156,160466300,0.0,0.0
2025-04-08,186.6999969482422,190.33999633789062,169.2100067138672,172.4199981689453,171.365966796875,120859500,0.0,0.0
2025-04-09,171.9499969482422,200.61000061035156,171.88999938964844,198.85000610351562,197.6343994140625,184395900,0.0,0.0
2025-04-10,189.07000732421875,194.77999877929688,183.0,190.4199981689453,189.25595092773438,121880000,0.0,0.0
2025-04-11,186.10000610351562,199.5399932861328,186.05999755859375,198.14999389648438,196.93865966796875,87435900,0.0,0.0
2025-04-14,211.44000244140625,212.94000244140625,201.16000366210938,202.52000427246094,201.28195190429688,101352900,0.0,0.0
2025-04-15,201.86000061035156,203.50999450683594,199.8000030517578,202.13999938964844,200.90428161621094,51343900,0.0,0.0
2025-04-16,198.36000061035156,200.6999969482422,192.3699951171875,194.27000427246094,193.0823974609375,59732400,0.0,0.0
2025-04-17,197.1999969482422,198.8300018310547,194.4199981689453,196.97999572753906,195.77581787109375,52164700,0.0,0.0
2025-04-21,193.27000427246094,193.8000030517578,189.80999755859375,193.16000366210938,191.97918701171875,46742500,0.0,0.0
2025-04-22,196.1199951171875,201.58999633789062,195.97000122070312,199.74000549316406,198.5189666748047,52976400,0.0,0.0
2025-04-23,206.0,208.0,202.8000030517578,204.60000610351562,203.34922790527344,52929200,0.0,0.0
2025-04-24,204.88999938964844,208.8300018310547,202.94000244140625,208.3699951171875,207.09619140625,47311000,0.0,0.0
2025-04-25,206.3699951171875,209.75,206.1999969482422,209.27999877929688,208.00062561035156,38222300,0.0,0.0
2025-04-28,210.0,211.5,207.4600067138672,210.13999938964844,208.85537719726562,38743100,0.0,0.0
2025-04-29,208.69000244140625,212.24000549316406,208.3699951171875,211.2100067138672,209.91885375976562,36827600,0.0,0.0
2025-04-30,209.3000030517578,213.5800018310547,206.6699981689453,212.5,211.20094299316406,52286500,0.0,0.0
2025-05-01,209.0800018310547,214.55999755859375,208.89999389648438,213.32000732421875,212.01596069335938,57365700,0.0,0.0
2025-05-02,206.08999633789062,206.99000549316406,202.16000366210938,205.35000610351562,204.09466552734375,101010600,0.0,0.0
2025-05-05,203.10000610351562,204.10000610351562,198.2100067138672,198.88999938964844,197.67416381835938,69018500,0.0,0.0
2025-05-06,198.2100067138672,200.64999389648438,197.02000427246094,198.50999450683594,197.2964630126953,51216500,0.0,0.0
2025-05-07,199.1699981689453,199.44000244140625,193.25,196.25,195.05029296875,68536700,0.0,0.0
2025-05-08,197.72000122070312,200.0500030517578,194.67999267578125,197.49000549316406,196.28273010253906,50478900,0.0,0.0
2025-05-09,199.0,200.5399932861328,197.5399932861328,198.52999877929688,197.3163604736328,36453900,0.0,0.0
2025-05-12,210.97000122070312,211.27000427246094,206.75,210.7899932861328,209.776123046875,63775800,0.26,0.0
2025-05-13,210.42999267578125,213.39999389648438,209.0,212.92999267578125,211.9058380126953,51909300,0.0,0.0
2025-05-14,212.42999267578125,213.94000244140625,210.5800018310547,212.3300018310547,211.3087158203125,49325800,0.0,0.0
2025-05-15,210.9499969482422,212.9600067138672,209.5399932861328,211.4499969482422,210.43295288085938,45029500,0.0,0.0
2025-05-16,212.36000061035156,212.57000732421875,209.77000427246094,211.25999450683594,210.24386596679688,54737900,0.0,0.0
2025-05-19,207.91000366210938,209.47999572753906,204.25999450683594,208.77999877929688,207.7758026123047,46140500,0.0,0.0
2025-05-20,207.6699981689453,208.47000122070312,205.02999877929688,206.86000061035156,205.8650360107422,42496600,0.0,0.0
2025-05-21,205.1699981689453,207.0399932861328,200.7100067138672,202.08999633789062,201.1179656982422,59211800,0.0,0.0
2025-05-22,200.7100067138672,202.75,199.6999969482422,201.36000061035156,200.39149475097656,46742400,0.0,0.0
2025-05-23,193.6699981689453,197.6999969482422,193.4600067138672,195.27000427246094,194.33079528808594,78432900,0.0,0.0
2025-05-27,198.3000030517578,200.74000549316406,197.42999267578125,200.2100067138672,199.24703979492188,56288500,0.0,0.0
2025-05-28,200.58999633789062,202.72999572753906,199.89999389648438,200.4199981689453,199.4560089111328,45339700,0.0,0.0
2025-05-29,203.5800018310547,203.80999755859375,198.50999450683594,199.9499969482422,198.98826599121094,51396800,0.0,0.0
2025-05-30,199.3699951171875,201.9600067138672,196.77999877929688,200.85000610351562,199.88394165039062,70819900,0.0,0.0
2025-06-02,200.27999877929688,202.1300048828125,200.1199951171875,201.6999969482422,200.7298583984375,35423300,0.0,0.0
2025-06-03,201.35000610351562,203.77000427246094,200.9600067138672,203.27000427246094,202.2923126220703,46381600,0.0,0.0
2025-06-04,202.91000366210938,206.24000549316406,202.10000610351562,202.82000732421875,201.84446716308594,43604000,0.0,0.0
2025-06-05,203.5,204.75,200.14999389648438,200.6300048828125,199.6649932861328,55126100,0.0,0.0
2025-06-06,203.0,205.6999969482422,202.0500030517578,203.9199981689453,202.93917846679688,46607700,0.0,0.0
2025-06-09,204.38999938964844,206.0,200.02000427246094,201.4499969482422,200.48106384277344,72862600,0.0,0.0
2025-06-10,200.60000610351562,204.35000610351562,200.57000732421875,202.6699981689453,201.6951904296875,54672600,0.0,0.0
2025-06-11,203.5,204.5,198.41000366210938,198.77999877929688,197.8238983154297,60989900,0.0,0.0
2025-06-12,199.0800018310547,199.67999267578125,197.36000061035156,199.1999969482422,198.2418670654297,43904600,0.0,0.0
2025-06-13,199.72999572753906,200.3699951171875,195.6999969482422,196.4499969482422,195.50509643554688,51447300,0.0,0.0
2025-06-16,197.3000030517578,198.69000244140625,196.55999755859375,198.4199981689453,197.46563720703125,43020700,0.0,0.0
2025-06-17,197.1999969482422,198.38999938964844,195.2100067138672,195.63999938964844,194.69900512695312,38856200,0.0,0.0
2025-06-18,195.94000244140625,197.57000732421875,195.07000732421875,196.5800018310547,195.6344757080078,45394700,0.0,0.0
2025-06-20,198.24000549316406,201.6999969482422,196.86000061035156,201.0,200.03321838378906,96813500,0.0,0.0
2025-06-23,201.6300048828125,202.3000030517578,198.9600067138672,201.5,200.53082275390625,55814300,0.0,0.0
2025-06-24,202.58999633789062,203.44000244140625,200.1999969482422,200.3000030517578,199.33657836914062,54064000,0.0,0.0
2025-06-25,201.4499969482422,203.6699981689453,200.6199951171875,201.55999755859375,200.59051513671875,39525700,0.0,0.0
2025-06-26,201.42999267578125,202.63999938964844,199.4600067138672,201.0,200.03321838378906,50799100,0.0,0.0
2025-06-27,201.88999938964844,203.22000122070312,200.0,201.0800018310547,200.1128387451172,73188600,0.0,0.0
2025-06-30,202.00999450683594,207.38999938964844,199.25999450683594,205.1699981689453,204.1831512451172,91912800,0.0,0.0
2025-07-01,206.6699981689453,210.19000244140625,206.13999938964844,207.82000732421875,206.82041931152344,78788900,0.0,0.0
2025-07-02,208.91000366210938,213.33999633789062,208.13999938964844,212.44000244140625,211.418212890625,67941800,0.0,0.0
2025-07-03,212.14999389648438,214.64999389648438,211.80999755859375,213.5500030517578,212.52285766601562,34955800,0.0,0.0
2025-07-07,212.67999267578125,216.22999572753906,208.8000030517578,209.9499969482422,208.94017028808594,50229000,0.0,0.0
2025-07-08,210.10000610351562,211.42999267578125,208.4499969482422,210.00999450683594,208.99989318847656,42848900,0.0,0.0
2025-07-09,209.52999877929688,211.3300018310547,207.22000122070312,211.13999938964844,210.12445068359375,48749400,0.0,0.0
2025-07-10,210.50999450683594,213.47999572753906,210.02999877929688,212.41000366210938,211.38836669921875,44443600,0.0,0.0
2025-07-11,210.57000732421875,212.1300048828125,209.86000061035156,211.16000366210938,210.1443634033203,39765800,0.0,0.0
2025-07-14,209.92999267578125,210.91000366210938,207.5399932861328,208.6199951171875,207.6165771484375,38840100,0.0,0.0
2025-07-15,209.22000122070312,211.88999938964844,208.9199981689453,209.11000061035156,208.10421752929688,42296300,0.0,0.0
2025-07-16,210.3000030517578,212.39999389648438,208.63999938964844,210.16000366210938,209.14915466308594,47490500,0.0,0.0
2025-07-17,210.57000732421875,211.8000030517578,209.58999633789062,210.02000427246094,209.0098419189453,48068100,0.0,0.0
2025-07-18,210.8699951171875,211.7899932861328,209.6999969482422,211.17999267578125,210.16427612304688,48974600,0.0,0.0
2025-07-21,212.10000610351562,215.77999877929688,211.6300048828125,212.47999572753906,211.45799255371094,51377400,0.0,0.0
2025-07-22,213.13999938964844,214.9499969482422,212.22999572753906,214.39999389648438,213.3687744140625,46404100,0.0,0.0
2025-07-23,215.0,215.14999389648438,212.41000366210938,214.14999389648438,213.11996459960938,46989300,0.0,0.0
2025-07-24,213.89999389648438,215.69000244140625,213.52999877929688,213.75999450683594,212.73184204101562,46022600,0.0,0.0
2025-07-25,214.6999969482422,215.24000549316406,213.39999389648438,213.8800048828125,212.85128784179688,40268800,0.0,0.0
2025-07-28,214.02999877929688,214.85000610351562,213.05999755859375,214.0500030517578,213.0204620361328,37858000,0.0,0.0
2025-07-29,214.17999267578125,214.80999755859375,210.82000732421875,211.27000427246094,210.2538299560547,51411700,0.0,0.0
2025-07-30,211.89999389648438,212.38999938964844,207.72000122070312,209.0500030517578,208.04449462890625,45512500,0.0,0.0
2025-07-31,208.49000549316406,209.83999633789062,207.16000366210938,207.57000732421875,206.57162475585938,80698400,0.0,0.0
2025-08-01,210.8699951171875,213.5800018310547,201.5,202.3800048828125,201.40658569335938,104434500,0.0,0.0
2025-08-04,204.50999450683594,207.8800048828125,201.67999267578125,203.35000610351562,202.3719482421875,75109300,0.0,0.0
2025-08-05,203.39999389648438,205.33999633789062,202.16000366210938,202.9199981689453,201.94398498535156,44155100,0.0,0.0
2025-08-06,205.6300048828125,215.3800048828125,205.58999633789062,213.25,212.2242889404297,108483100,0.0,0.0
2025-08-07,218.8800048828125,220.85000610351562,216.5800018310547,220.02999877929688,218.9716796875,90224800,0.0,0.0
2025-08-08,220.8300018310547,231.0,219.25,229.35000610351562,228.24688720703125,113854000,0.0,0.0
2025-08-11,227.9199981689453,229.55999755859375,224.75999450683594,227.17999267578125,226.34388732910156,61806100,0.26,0.0
2025-08-12,228.00999450683594,230.8000030517578,227.07000732421875,229.64999389648438,228.80477905273438,55626200,0.0,0.0
2025-08-13,231.07000732421875,235.0,230.42999267578125,233.3300018310547,232.47125244140625,69878500,0.0,0.0
2025-08-14,234.05999755859375,235.1199951171875,230.85000610351562,232.77999877929688,231.92327880859375,51916300,0.0,0.0
2025-08-15,234.0,234.27999877929688,229.33999633789062,231.58999633789062,230.73765563964844,56038700,0.0,0.0
2025-08-18,231.6999969482422,233.1199951171875,230.11000061035156,230.88999938964844,230.0402374267578,37476200,0.0,0.0
2025-08-19,231.27999877929688,232.8699951171875,229.35000610351562,230.55999755859375,229.71145629882812,39402600,0.0,0.0
2025-08-20,229.97999572753906,230.47000122070312,225.77000427246094,226.00999450683594,225.17819213867188,42263900,0.0,0.0
2025-08-21,226.27000427246094,226.52000427246094,223.77999877929688,224.89999389648438,224.072265625,30621200,0.0,0.0
2025-08-22,226.1699981689453,229.08999633789062,225.41000366210938,227.75999450683594,226.92173767089844,42477800,0.0,0.0
2025-08-25,226.47999572753906,229.3000030517578,226.22999572753906,227.16000366210938,226.323974609375,30983100,0.0,0.0
2025-08-26,226.8699951171875,229.49000549316406,224.69000244140625,229.30999755859375,228.46604919433594,54575100,0.0,0.0
2025-08-27,228.61000061035156,230.89999389648438,228.25999450683594,230.49000549316406,229.64170837402344,31259500,0.0,0.0
2025-08-28,230.82000732421875,233.41000366210938,229.33999633789062,232.55999755859375,231.70408630371094,38074700,0.0,0.0
2025-08-29,232.50999450683594,233.3800048828125,231.3699951171875,232.13999938964844,231.28562927246094,39418400,0.0,0.0
2025-09-02,229.25,230.85000610351562,226.97000122070312,229.72000122070312,228.87454223632812,44075600,0.0,0.0
2025-09-03,237.2100067138672,238.85000610351562,234.36000061035156,238.47000122070312,237.59234619140625,66427800,0.0,0.0
2025-09-04,238.4499969482422,239.89999389648438,236.74000549316406,239.77999877929688,238.89752197265625,47549400,0.0,0.0
2025-09-05,240.0,241.32000732421875,238.49000549316406,239.69000244140625,238.80783081054688,54870400,0.0,0.0
2025-09-08,239.3000030517578,240.14999389648438,236.33999633789062,237.8800048828125,237.00450134277344,48999500,0.0,0.0
2025-09-09,237.0,238.77999877929688,233.36000061035156,234.35000610351562,233.4875030517578,66313900,0.0,0.0
2025-09-10,232.19000244140625,232.4199981689453,225.9499969482422,226.7899932861328,225.95533752441406,83440800,0.0,0.0
2025-09-11,226.8800048828125,230.4499969482422,226.64999389648438,230.02999877929688,229.1833953857422,50208600,0.0,0.0
2025-09-12,229.22000122070312,234.50999450683594,229.02000427246094,234.07000732421875,233.2085418701172,55824200,0.0,0.0
2025-09-15,237.0,238.19000244140625,235.02999877929688,236.6999969482422,235.828857421875,42699500,0.0,0.0
2025-09-16,237.17999267578125,241.22000122070312,236.32000732421875,238.14999389648438,237.2735137939453,63421100,0.0,0.0
2025-09-17,238.97000122070312,240.10000610351562,237.72999572753906,238.99000549316406,238.11044311523438,46508000,0.0,0.0
2025-09-18,239.97000122070312,241.1999969482422,236.64999389648438,237.8800048828125,237.00450134277344,44249600,0.0,0.0
2025-09-19,241.22999572753906,246.3000030517578,240.2100067138672,245.5,244.59645080566406,163741300,0.0,0.0
2025-09-22,248.3000030517578,256.6400146484375,248.1199951171875,256.0799865722656,255.13751220703125,105517400,0.0,0.0
2025-09-23,255.8800048828125,257.3399963378906,253.5800018310547,254.42999267578125,253.49359130859375,60275200,0.0,0.0
2025-09-24,255.22000122070312,255.74000549316406,251.0399932861328,252.30999755859375,251.38140869140625,42303700,0.0,0.0
2025-09-25,253.2100067138672,257.1700134277344,251.7100067138672,256.8699951171875,255.9246368408203,55202100,0.0,0.0
2025-09-26,254.10000610351562,257.6000061035156,253.77999877929688,255.4600067138672,254.51980590820312,46076300,0.0,0.0
2025-09-29,254.55999755859375,255.0,253.00999450683594,254.42999267578125,253.49359130859375,40127700,0.0,0.0
2025-09-30,254.86000061035156,255.9199981689453,253.11000061035156,254.6300048828125,253.69287109375,37704300,0.0,0.0
2025-10-01,255.0399932861328,258.7900085449219,254.92999267578125,255.4499969482422,254.50985717773438,48713900,0.0,0.0
2025-10-02,256.5799865722656,258.17999267578125,254.14999389648438,257.1300048828125,256.18365478515625,42630200,0.0,0.0
2025-10-03,254.6699981689453,259.239990234375,253.9499969482422,258.0199890136719,257.07037353515625,49155600,0.0,0.0
2025-10-06,257.989990234375,259.07000732421875,255.0500030517578,256.69000244140625,255.7452850341797,44664100,0.0,0.0
2025-10-07,256.80999755859375,257.3999938964844,255.42999267578125,256.4800109863281,255.5360565185547,31955800,0.0,0.0
2025-10-08,256.5199890136719,258.5199890136719,256.1099853515625,258.05999755859375,257.1102600097656,36496900,0.0,0.0
2025-10-09,257.80999755859375,258.0,253.13999938964844,254.0399932861328,253.1050262451172,38322000,0.0,0.0
2025-10-10,254.94000244140625,256.3800048828125,244.0,245.27000427246094,244.3673095703125,61999100,0.0,0.0
2025-10-13,249.3800048828125,249.69000244140625,245.55999755859375,247.66000366210938,246.74850463867188,38142900,0.0,0.0
2025-10-14,246.60000610351562,248.85000610351562,244.6999969482422,247.77000427246094,246.8581085205078,35478000,0.0,0.0
2025-10-15,249.49000549316406,251.82000732421875,247.47000122070312,249.33999633789062,248.42233276367188,33893600,0.0,0.0
2025-10-16,248.25,249.0399932861328,245.1300048828125,247.4499969482422,246.53929138183594,39777000,0.0,0.0
2025-10-17,248.02000427246094,253.3800048828125,247.27000427246094,252.2899932861328,251.36146545410156,49147000,0.0,0.0
2025-10-20,255.88999938964844,264.3800048828125,255.6300048828125,262.239990234375,261.27484130859375,90483000,0.0,0.0
2025-10-21,261.8800048828125,265.2900085449219,261.8299865722656,262.7699890136719,261.80291748046875,46695900,0.0,0.0
2025-10-22,262.6499938964844,262.8500061035156,255.42999267578125,258.45001220703125,257.4988098144531,45015300,0.0,0.0
2025-10-23,259.94000244140625,260.6199951171875,258.010009765625,259.5799865722656,258.6246337890625,32754900,0.0,0.0
2025-10-24,261.19000244140625,264.1300048828125,259.17999267578125,262.82000732421875,261.85272216796875,38253700,0.0,0.0
2025-10-27,264.8800048828125,269.1199951171875,264.6499938964844,268.80999755859375,267.8206787109375,44888200,0.0,0.0
2025-10-28,268.989990234375,269.8900146484375,268.1499938964844,269.0,268.0099792480469,41534800,0.0,0.0
2025-10-29,269.2799987792969,271.4100036621094,267.1099853515625,269.70001220703125,268.7073974609375,51086700,0.0,0.0
2025-10-30,271.989990234375,274.1400146484375,268.4800109863281,271.3999938964844,270.401123046875,69886500,0.0,0.0
2025-10-31,276.989990234375,277.32000732421875,269.1600036621094,270.3699951171875,269.37493896484375,86167100,0.0,0.0
2025-11-03,270.4200134277344,270.8500061035156,266.25,269.04998779296875,268.05975341796875,50194600,0.0,0.0
2025-11-04,268.3299865722656,271.489990234375,267.6199951171875,270.0400085449219,269.0461730957031,49274800,0.0,0.0
2025-11-05,268.6099853515625,271.70001220703125,266.92999267578125,270.1400146484375,269.14581298828125,43683100,0.0,0.0
2025-11-06,267.8900146484375,273.3999938964844,267.8900146484375,269.7699890136719,268.7771301269531,51204000,0.0,0.0
2025-11-07,269.79998779296875,272.2900085449219,266.7699890136719,268.4700012207031,267.48193359375,48227400,0.0,0.0
2025-11-10,268.9599914550781,273.7300109863281,267.4599914550781,269.42999267578125,268.6986083984375,41312400,0.26,0.0
2025-11-11,269.80999755859375,275.9100036621094,269.79998779296875,275.25,274.5028076171875,46208300,0.0,0.0
2025-11-12,275.0,275.7300109863281,271.70001220703125,273.4700012207031,272.7276611328125,48398000,0.0,0.0
2025-11-13,274.1099853515625,276.70001220703125,272.0899963378906,272.95001220703125,272.2090759277344,49602800,0.0,0.0
2025-11-14,271.04998779296875,275.9599914550781,269.6000061035156,272.4100036621094,271.6705017089844,47431300,0.0,0.0
2025-11-17,268.82000732421875,270.489990234375,265.7300109863281,267.4599914550781,266.73394775390625,45018300,0.0,0.0
2025-11-18,269.989990234375,270.7099914550781,265.32000732421875,267.44000244140625,266.7140197753906,45677300,0.0,0.0
2025-11-19,265.5299987792969,272.2099914550781,265.5,268.55999755859375,267.8309631347656,40424500,0.0,0.0
2025-11-20,270.8299865722656,275.42999267578125,265.9200134277344,266.25,265.5272521972656,45823600,0.0,0.0
2025-11-21,265.95001220703125,273.3299865722656,265.6700134277344,271.489990234375,270.75299072265625,59030800,0.0,0.0
2025-11-24,270.8999938964844,277.0,270.8999938964844,275.9200134277344,275.1709899902344,65585800,0.0,0.0
2025-11-25,275.2699890136719,280.3800048828125,275.25,276.9700012207031,276.2181701660156,46914200,0.0,0.0
2025-11-26,276.9599914550781,279.5299987792969,276.6300048828125,277.54998779296875,276.79656982421875,33431400,0.0,0.0
2025-11-28,277.260009765625,279.0,275.989990234375,278.8500061035156,278.0930480957031,20135600,0.0,0.0
2025-12-01,278.010009765625,283.4200134277344,276.1400146484375,283.1000061035156,282.3315124511719,46587700,0.0,0.0
2025-12-02,283.0,287.3999938964844,282.6300048828125,286.19000244140625,285.4131164550781,53669500,0.0,0.0
2025-12-03,286.20001220703125,288.6199951171875,283.29998779296875,284.1499938964844,283.378662109375,43538700,0.0,0.0
2025-12-04,284.1000061035156,284.7300109863281,278.5899963378906,280.70001220703125,279.9380187988281,43989100,0.0,0.0
2025-12-05,280.5400085449219,281.1400146484375,278.04998779296875,278.7799987792969,278.0232238769531,47265800,0.0,0.0
2025-12-08,278.1300048828125,279.6700134277344,276.1499938964844,277.8900146484375,277.1356506347656,38211800,0.0,0.0
2025-12-09,278.1600036621094,280.0299987792969,276.9200134277344,277.17999267578125,276.42755126953125,32193300,0.0,0.0
2025-12-10,277.75,279.75,276.44000244140625,278.7799987792969,278.0232238769531,33038300,0.0,0.0
2025-12-11,279.1000061035156,279.5899963378906,273.80999755859375,278.0299987792969,277.2752685546875,33248000,0.0,0.0
2025-12-12,277.8999938964844,279.2200012207031,276.82000732421875,278.2799987792969,277.52459716796875,39532900,0.0,0.0
2025-12-15,280.1499938964844,280.1499938964844,272.8399963378906,274.1099853515625,273.3658752441406,50409100,0.0,0.0
2025-12-16,272.82000732421875,275.5,271.7900085449219,274.6099853515625,273.8645324707031,37648600,0.0,0.0
2025-12-17,275.010009765625,276.1600036621094,271.6400146484375,271.8399963378906,271.10205078125,50138700,0.0,0.0
2025-12-18,273.6099853515625,273.6300048828125,266.95001220703125,272.19000244140625,271.4511413574219,51630700,0.0,0.0
2025-12-19,272.1499938964844,274.6000061035156,269.8999938964844,273.6700134277344,272.9271240234375,144632000,0.0,0.0
2025-12-22,272.8599853515625,273.8800048828125,270.510009765625,270.9700012207031,270.23443603515625,36571800,0.0,0.0
2025-12-23,270.8399963378906,272.5,269.55999755859375,272.3599853515625,271.62066650390625,29642000,0.0,0.0
2025-12-24,272.3399963378906,275.42999267578125,272.20001220703125,273.80999755859375,273.06671142578125,17910600,0.0,0.0
2025-12-26,274.1600036621094,275.3699951171875,272.8599853515625,273.3999938964844,272.6578369140625,21521800,0.0,0.0
2025-12-29,272.69000244140625,274.3599853515625,272.3500061035156,273.760009765625,273.0168762207031,23715200,0.0,0.0
2025-12-30,272.80999755859375,274.0799865722656,272.2799987792969,273.0799865722656,272.3387145996094,22139600,0.0,0.0
2025-12-31,273.05999755859375,273.67999267578125,271.75,271.8599853515625,271.12200927734375,27293600,0.0,0.0
2026-01-02,272.260009765625,277.8399963378906,269.0,271.010009765625,270.2743225097656,37838100,0.0,0.0
2026-01-05,270.6400146484375,271.510009765625,266.1400146484375,267.260009765625,266.5345153808594,45647200,0.0,0.0
2026-01-06,267.0,267.54998779296875,262.1199951171875,262.3599853515625,261.6477966308594,52352100,0.0,0.0
2026-01-07,263.20001220703125,263.67999267578125,259.80999755859375,260.3299865722656,259.623291015625,48309800,0.0,0.0
2026-01-08,257.0199890136719,259.2900085449219,255.6999969482422,259.0400085449219,258.3368225097656,50419300,0.0,0.0
2026-01-09,259.0799865722656,260.2099914550781,256.2200012207031,259.3699951171875,258.6659240722656,39997000,0.0,0.0
2026-01-12,259.1600036621094,261.29998779296875,256.79998779296875,260.25,259.5435485839844,45263800,0.0,0.0
2026-01-13,258.7200012207031,261.80999755859375,258.3900146484375,261.04998779296875,260.34136962890625,45730800,0.0,0.0
2026-01-14,259.489990234375,261.82000732421875,256.7099914550781,259.9599914550781,259.2543029785156,40019400,0.0,0.0
2026-01-15,260.6499938964844,261.0400085449219,257.04998779296875,258.2099914550781,257.5090637207031,39388600,0.0,0.0
2026-01-16,257.8999938964844,258.8999938964844,254.92999267578125,255.52999877929688,254.8363494873047,72142800,0.0,0.0
2026-01-20,252.72999572753906,254.7899932861328,243.4199981689453,246.6999969482422,246.0303192138672,80267500,0.0,0.0
2026-01-21,248.6999969482422,251.55999755859375,245.17999267578125,247.64999389648438,246.9777374267578,54641700,0.0,0.0
2026-01-22,249.1999969482422,251.0,248.14999389648438,248.35000610351562,247.67584228515625,39708300,0.0,0.0
2026-01-23,247.32000732421875,249.41000366210938,244.67999267578125,248.0399932861328,247.36666870117188,41689000,0.0,0.0
2026-01-26,251.47999572753906,256.55999755859375,249.8000030517578,255.41000366210938,254.7166748046875,55969200,0.0,0.0
2026-01-27,259.1700134277344,261.95001220703125,258.2099914550781,258.2699890136719,257.5688781738281,49648300,0.0,0.0
2026-01-28,257.6499938964844,258.8599853515625,254.50999450683594,256.44000244140625,255.743896484375,41288000,0.0,0.0
2026-01-29,258.0,259.6499938964844,254.41000366210938,258.2799987792969,257.5788879394531,67253000,0.0,0.0
2026-01-30,255.1699981689453,261.8999938964844,252.17999267578125,259.4800109863281,258.775634765625,92443400,0.0,0.0
2026-02-02,260.0299987792969,270.489990234375,259.2099914550781,270.010009765625,269.2770690917969,73913400,0.0,0.0
2026-02-03,269.20001220703125,271.8800048828125,267.6099853515625,269.4800109863281,268.7485046386719,64394700,0.0,0.0
2026-02-04,272.2900085449219,278.95001220703125,272.2900085449219,276.489990234375,275.7394104003906,90545700,0.0,0.0
2026-02-05,278.1300048828125,279.5,273.2300109863281,275.9100036621094,275.1610412597656,52977400,0.0,0.0
2026-02-06,277.1199951171875,280.9100036621094,276.92999267578125,278.1199951171875,277.364990234375,50453400,0.0,0.0
2026-02-09,277.9100036621094,278.20001220703125,271.70001220703125,274.6199951171875,274.13079833984375,44623400,0.26,0.0
2026-02-10,274.8900146484375,275.3699951171875,272.94000244140625,273.67999267578125,273.19244384765625,34376900,0.0,0.0
2026-02-11,274.70001220703125,280.17999267578125,274.45001220703125,275.5,275.00921630859375,51931300,0.0,0.0
2026-02-12,275.5899963378906,275.7200012207031,260.17999267578125,261.7300109863281,261.2637939453125,81077200,0.0,0.0
2026-02-13,262.010009765625,262.2300109863281,255.4499969482422,255.77999877929688,255.32435607910156,56290700,0.0,0.0
2026-02-17,258.04998779296875,266.2900085449219,255.5399932861328,263.8800048828125,263.4099426269531,58469100,0.0,0.0
2026-02-18,263.6000061035156,266.82000732421875,262.45001220703125,264.3500061035156,263.8791198730469,34203300,0.0,0.0
2026-02-19,262.6000061035156,264.4800109863281,260.04998779296875,260.5799865722656,260.11578369140625,30845300,0.0,0.0
2026-02-20,258.9700012207031,264.75,258.1600036621094,264.5799865722656,264.1086730957031,42070500,0.0,0.0
2026-02-23,263.489990234375,269.42999267578125,263.3800048828125,266.17999267578125,265.705810546875,37308200,0.0,0.0
2026-02-24,267.8599853515625,274.8900146484375,267.7099914550781,272.1400146484375,271.6552429199219,47014600,0.0,0.0
2026-02-25,271.7799987792969,274.94000244140625,271.04998779296875,274.2300109863281,273.74151611328125,33714300,0.0,0.0
2026-02-26,274.95001220703125,276.1099853515625,270.79998779296875,272.95001220703125,272.4637756347656,32345100,0.0,0.0
2026-02-27,272.80999755859375,272.80999755859375,262.8900146484375,264.17999267578125,263.7093811035156,72366500,0.0,0.0
2026-03-02,262.4100036621094,266.5299987792969,260.20001220703125,264.7200012207031,264.2484130859375,41827900,0.0,0.0
2026-03-03,263.4800109863281,265.55999755859375,260.1300048828125,263.75,263.2801818847656,38568900,0.0,0.0
2026-03-04,264.6499938964844,266.1499938964844,261.4200134277344,262.5199890136719,262.0523376464844,39803100,0.0,0.0
2026-03-05,260.7900085449219,261.55999755859375,257.25,260.2900085449219,259.8263244628906,49658600,0.0,0.0
2026-03-06,258.6300048828125,258.7699890136719,254.3699951171875,257.4599914550781,257.0013427734375,41120000,0.0,0.0
2026-03-09,255.69000244140625,261.1499938964844,253.67999267578125,259.8800048828125,259.41705322265625,38218500,0.0,0.0
2026-03-10,257.6499938964844,262.4800109863281,256.95001220703125,260.8299865722656,260.3653564453125,30590800,0.0,0.0
2026-03-11,261.0899963378906,262.1300048828125,259.54998779296875,260.80999755859375,260.3453674316406,26218900,0.0,0.0
2026-03-12,258.6600036621094,258.95001220703125,254.17999267578125,255.75999450683594,255.30438232421875,40794000,0.0,0.0
2026-03-13,255.47999572753906,256.3299865722656,249.52000427246094,250.1199951171875,249.6744384765625,36930000,0.0,0.0
2026-03-16,252.11000061035156,253.88999938964844,249.8800048828125,252.82000732421875,252.36964416503906,32074200,0.0,0.0
2026-03-17,252.9600067138672,255.1300048828125,252.17999267578125,254.22999572753906,253.77711486816406,32361600,0.0,0.0
2026-03-18,252.6300048828125,254.94000244140625,249.0,249.94000244140625,249.49476623535156,35757900,0.0,0.0
2026-03-19,249.39999389648438,251.8300018310547,247.3000030517578,248.9600067138672,248.5165252685547,34864100,0.0,0.0
2026-03-20,247.97999572753906,249.1999969482422,246.0,247.99000549316406,247.54823303222656,88331100,0.0,0.0
2026-03-23,253.97000122070312,254.60000610351562,250.27999877929688,251.49000549316406,251.04200744628906,40546100,0.0,0.0
2026-03-24,250.35000610351562,254.8300018310547,249.5500030517578,251.63999938964844,251.1917266845703,45152300,0.0,0.0
2026-03-25,254.10000610351562,255.0,251.60000610351562,252.6199951171875,252.16998291015625,28476700,0.0,0.0
2026-03-26,252.1199951171875,257.0,250.77000427246094,252.88999938964844,252.43951416015625,41796700,0.0,0.0
2026-03-27,253.89999389648438,255.49000549316406,248.07000732421875,248.8000030517578,248.35679626464844,47900000,0.0,0.0
2026-03-30,250.07000732421875,250.8699951171875,245.50999450683594,246.6300048828125,246.19065856933594,39446200,0.0,0.0
2026-03-31,247.91000366210938,255.47999572753906,247.10000610351562,253.7899932861328,253.337890625,49598100,0.0,0.0
2026-04-01,254.0800018310547,256.17999267578125,253.3300018310547,255.6300048828125,255.17462158203125,40059400,0.0,0.0
2026-04-02,254.1999969482422,256.1300048828125,250.64999389648438,255.9199981689453,255.464111328125,31289400,0.0,0.0
2026-04-06,256.510009765625,262.1600036621094,256.4599914550781,258.8599853515625,258.3988342285156,29329900,0.0,0.0
2026-04-07,256.1600036621094,256.20001220703125,245.6999969482422,253.5,253.0484161376953,62148000,0.0,0.0
2026-04-08,258.45001220703125,259.75,256.5299987792969,258.8999938964844,258.43878173828125,41032800,0.0,0.0
2026-04-09,259.0,261.1199951171875,256.07000732421875,260.489990234375,260.02593994140625,28121600,0.0,0.0
2026-04-10,259.9800109863281,262.19000244140625,259.0199890136719,260.4800109863281,260.0159912109375,31291500,0.0,0.0
2026-04-13,259.7300109863281,260.17999267578125,256.6600036621094,259.20001220703125,258.73828125,36234700,0.0,0.0
2026-04-14,259.25,261.92999267578125,257.19000244140625,258.8299865722656,258.368896484375,48370700,0.0,0.0
2026-04-15,258.1600036621094,266.55999755859375,257.80999755859375,266.42999267578125,265.95538330078125,49913500,0.0,0.0
2026-04-16,266.79998779296875,267.1600036621094,261.2699890136719,263.3999938964844,262.9307556152344,43323100,0.0,0.0
2026-04-17,266.9599914550781,272.29998779296875,266.7200012207031,270.2300109863281,269.7486267089844,61436200,0.0,0.0
2026-04-20,270.3299865722656,274.2799987792969,270.2900085449219,273.04998779296875,272.5635681152344,36590200,0.0,0.0
2026-04-21,271.5,272.79998779296875,265.3999938964844,266.1700134277344,265.69586181640625,50209800,0.0,0.0
2026-04-22,267.82000732421875,273.739990234375,266.8699951171875,273.1700134277344,272.68341064453125,43249200,0.0,0.0
2026-04-23,275.04998779296875,275.7699890136719,271.6499938964844,273.42999267578125,272.9429016113281,33399600,0.0,0.0
2026-04-24,272.760009765625,273.05999755859375,269.6499938964844,271.05999755859375,270.5771179199219,38157100,0.0,0.0
2026-04-27,266.0899963378906,268.3599853515625,265.07000732421875,267.6099853515625,267.1332702636719,41466800,0.0,0.0
2026-04-28,272.3399963378906,273.2300109863281,268.6600036621094,270.7099914550781,270.2277526855469,40018900,0.0,0.0
2026-04-29,267.54998779296875,271.0400085449219,267.0400085449219,270.1700134277344,269.688720703125,30047900,0.0,0.0
2026-04-30,270.5,276.0,268.1400146484375,271.3500061035156,270.86663818359375,91848200,0.0,0.0
2026-05-01,278.8599853515625,287.2200012207031,278.3699951171875,280.1400146484375,279.6409606933594,79915400,0.0,0.0
2026-05-04,279.6600036621094,280.6300048828125,274.8599853515625,276.8299865722656,276.33685302734375,46668400,0.0,0.0
2026-05-05,276.92999267578125,284.57000732421875,276.5,284.17999267578125,283.67376708984375,49311700,0.0,0.0
2026-05-06,281.9200134277344,288.0299987792969,281.07000732421875,287.510009765625,286.9978332519531,58336100,0.0,0.0
2026-05-07,289.2699890136719,292.1300048828125,285.7799987792969,287.44000244140625,286.9279479980469,45224300,0.0,0.0
2026-05-08,290.010009765625,294.760009765625,290.0,293.32000732421875,292.7974853515625,52692800,0.0,0.0
2026-05-11,291.9800109863281,293.8800048828125,290.2300109863281,292.67999267578125,292.42779541015625,42247300,0.27,0.0
2026-05-12,292.55999755859375,295.2699890136719,292.55999755859375,294.79998779296875,294.54595947265625,45748100,0.0,0.0
2026-05-13,293.5,300.9200134277344,293.5,298.8699951171875,298.6124572753906,52684300,0.0,0.0
2026-05-14,299.82000732421875,300.45001220703125,295.3800048828125,298.2099914550781,297.9530334472656,35324900,0.0,0.0
2026-05-15,297.8999938964844,303.20001220703125,296.5199890136719,300.2300109863281,299.9713134765625,54862800,0.0,0.0
2026-05-18,300.239990234375,300.6600036621094,294.9100036621094,297.8399963378906,297.5833435058594,34483000,0.0,0.0
2026-05-19,296.9700012207031,300.510009765625,296.3500061035156,298.9700012207031,298.7123718261719,42243600,0.0,0.0
2026-05-20,298.17999267578125,302.79998779296875,298.0799865722656,302.25,301.98956298828125,38229800,0.0,0.0
2026-05-21,301.05999755859375,305.5400085449219,300.3999938964844,304.989990234375,304.7271728515625,42965100,0.0,0.0
2026-05-22,306.1199951171875,311.3999938964844,305.8399963378906,308.82000732421875,308.55389404296875,43670200,0.0,0.0
2026-05-26,309.55999755859375,311.82000732421875,307.6700134277344,308.3299865722656,308.0643005371094,48000500,0.0,0.0
2026-05-27,308.3299865722656,313.260009765625,308.29998779296875,310.8500061035156,310.5821533203125,50430900,0.0,0.0
2026-05-28,310.67999267578125,312.79998779296875,309.57000732421875,312.510009765625,312.24072265625,48220400,0.0,0.0
2026-05-29,311.7799987792969,315.0,309.5299987792969,312.05999755859375,311.7911071777344,70026800,0.0,0.0
2026-06-01,309.6300048828125,310.94000244140625,305.0199890136719,306.30999755859375,306.0460510253906,48849900,0.0,0.0
2026-06-02,307.4599914550781,315.45001220703125,306.69000244140625,315.20001220703125,314.92840576171875,44534700,0.0,0.0
2026-06-03,314.17999267578125,316.94000244140625,308.8500061035156,310.260009765625,309.9926452636719,50836700,0.0,0.0
2026-06-04,313.2300109863281,313.5400085449219,309.6499938964844,311.2300109863281,310.9618225097656,44869100,0.0,0.0
2026-06-05,312.8599853515625,315.1700134277344,307.1499938964844,307.3399963378906,307.0751647949219,65310500,0.0,0.0
2026-06-08,308.739990234375,317.3999938964844,301.1700134277344,301.5400085449219,301.2801818847656,77949100,0.0,0.0
2026-06-09,300.2799987792969,300.75,287.7799987792969,290.54998779296875,290.29962158203125,70108800,0.0,0.0
2026-06-10,290.739990234375,294.75,287.3800048828125,291.5799865722656,291.3287353515625,52793300,0.0,0.0
2026-06-11,293.7200012207031,297.0,289.5899963378906,295.6300048828125,295.375244140625,42572500,0.0,0.0
2026-06-12,296.0299987792969,297.1400146484375,289.6199951171875,291.1300048828125,290.879150390625,38742100,0.0,0.0
2026-06-15,294.1199951171875,297.7799987792969,291.70001220703125,296.4200134277344,296.1645812988281,45732600,0.0,0.0
2026-06-16,295.25,300.4800109863281,293.9700012207031,299.239990234375,298.9821472167969,39874400,0.0,0.0
2026-06-17,300.8500061035156,302.07000732421875,294.3599853515625,295.95001220703125,295.6949768066406,42745100,0.0,0.0
2026-06-18,298.1099853515625,300.57000732421875,295.6199951171875,298.010009765625,297.7532043457031,85962200,0.0,0.0
2026-06-22,297.30999755859375,302.4200134277344,296.760009765625,297.010009765625,296.75408935546875,44879900,0.0,0.0
2026-06-23,297.5400085449219,301.6400146484375,294.17999267578125,294.29998779296875,294.04638671875,52010900,0.0,0.0
2026-06-24,295.3599853515625,299.70001220703125,292.94000244140625,293.0799865722656,292.8274230957031,53081900,0.0,0.0
2026-06-25,287.3999938964844,288.79998779296875,273.75,275.1499938964844,274.91290283203125,107013700,0.0,0.0
2026-06-26,275.0,285.95001220703125,274.2099914550781,283.7799987792969,283.53546142578125,261775500,0.0,0.0
2026-06-29,286.7300109863281,288.3699951171875,279.8500061035156,281.739990234375,281.4972229003906,66427000,0.0,0.0
2026-06-30,281.1700134277344,289.94000244140625,280.70001220703125,289.3599853515625,289.11065673828125,65100200,0.0,0.0
2026-07-01,293.44000244140625,296.5899963378906,289.20001220703125,294.3800048828125,294.1263427734375,50164200,0.0,0.0
2026-07-02,294.1199951171875,309.4200134277344,293.67999267578125,308.6300048828125,308.3640441894531,75352800,0.0,0.0
2026-07-06,307.3599853515625,314.20001220703125,307.0,312.6600036621094,312.3905944824219,53590000,0.0,0.0
2026-07-07,315.2900085449219,315.4800109863281,310.1499938964844,310.6600036621094,310.3923034667969,42490000,0.0,0.0
2026-07-08,311.9100036621094,314.82000732421875,307.04998779296875,313.3900146484375,313.1199645996094,41323500,0.0,0.0
2026-07-09,310.510009765625,316.5299987792969,308.1600036621094,316.2200012207031,315.947509765625,48124500,0.0,0.0
2026-07-10,314.7200012207031,316.9100036621094,312.1700134277344,315.32000732421875,315.0483093261719,34132300,0.0,0.0
2026-07-13,317.0199890136719,323.45001220703125,315.7799987792969,317.30999755859375,317.03656005859375,43257800,0.0,0.0
2026-07-14,313.760009765625,316.19000244140625,311.9100036621094,314.8599853515625,314.58868408203125,36336800,0.0,0.0
2026-07-15,317.6199951171875,328.7300109863281,317.32000732421875,327.5,327.2178039550781,60957600,0.0,0.0
2026-07-16,328.010009765625,334.67999267578125,326.7900085449219,333.260009765625,332.97283935546875,62970600,0.0,0.0
2026-07-17,331.9800109863281,334.989990234375,329.0,333.739990234375,333.452392578125,63407100,0.0,0.0
2026-07-20,333.510009765625,333.7099914550781,323.67999267578125,326.5899963378906,326.3085632324219,53468000,0.0,0.0
2026-07-21,323.1300048828125,329.6000061035156,322.2200012207031,327.739990234375,327.45758056640625,41338900,0.0,0.0
2026-07-22,327.8699951171875,329.0,323.3399963378906,325.8900146484375,325.60919189453125,38755900,0.0,0.0
2026-07-23,321.7300109863281,323.29998779296875,319.3500061035156,321.6600036621094,321.3828430175781,40840800,0.0,0.0
2026-07-24,321.7900085449219,334.3699951171875,321.6199951171875,333.0199890136719,332.7330322265625,47489400,0.0,0.0
2026-07-27,334.5400085449219,339.57000732421875,334.0199890136719,336.9100036621094,336.61968994140625,49604300,0.0,0.0
2026-07-28,340.0299987792969,342.8900146484375,335.6000061035156,340.0799865722656,339.78692626953125,51859000,0.0,0.0
2026-07-29,339.7300109863281,344.57000732421875,337.3500061035156,338.19000244140625,337.8985900878906,56090800,0.0,0.0
2026-07-30,333.1000061035156,334.75,329.5899963378906,333.42999267578125,333.1426696777344,74817800,0.0,0.0
2026-07-31,304.80999755859375,310.69000244140625,300.0,308.9100036621094,308.6438293457031,132489100,0.0,0.0
2026-08-03,309.5799865722656,311.79998779296875,302.55999755859375,303.4200134277344,303.1585693359375,75052000,0.0,0.0
2026-08-04,302.7300109863281,310.4200134277344,301.32000732421875,309.3800048828125,309.1134033203125,68001000,0.0,0.0
2026-08-05,309.3599853515625,311.7099914550781,305.6700134277344,311.0,310.7320251464844,49438800,0.0,0.0
2026-08-06,314.3399963378906,316.2900085449219,309.2300109863281,312.4100036621094,312.14080810546875,46139900,0.0,0.0
2026-08-07,311.45001220703125,314.80999755859375,310.739990234375,313.3299865722656,313.05999755859375,34437200,0.0,0.0
2026-08-10,306.8299865722656,308.260009765625,304.6099853515625,308.260009765625,308.260009765625,44812500,0.27,0.0
2026-08-11,307.75,309.9700012207031,302.7900085449219,304.9100036621094,304.9100036621094,37476700,0.0,0.0
2026-08-12,305.1000061035156,305.6600036621094,300.57000732421875,302.25,302.25,41657800,0.0,0.0
2026-08-13,304.2099914550781,306.0,302.04998779296875,305.260009765625,305.260009765625,40349300,0.0,0.0
2026-08-14,306.0,307.489990234375,304.29998779296875,305.92999267578125,305.92999267578125,28229400,0.0,0.0
2026-08-17,306.2099914550781,307.6600036621094,302.94000244140625,305.5899963378906,305.5899963378906,38169300,0.0,0.0
2026-08-18,307.5799865722656,311.489990234375,305.739990234375,310.0299987792969,310.0299987792969,53424500,0.0,0.0
2026-08-19,310.1400146484375,319.2799987792969,309.6000061035156,316.8299865722656,316.8299865722656,50505600,0.0,0.0
2026-08-20,317.4599914550781,320.2799987792969,310.6499938964844,311.29998779296875,311.29998779296875,40959200,0.0,0.0
2026-08-21,312.04998779296875,312.3800048828125,307.010009765625,309.3500061035156,309.3500061035156,46876800,0.0,0.0
2026-08-24,311.4700012207031,313.3599853515625,309.9700012207031,310.3399963378906,310.3399963378906,34673600,0.0,0.0
2026-08-25,310.7900085449219,313.5899963378906,308.2099914550781,309.8999938964844,309.8999938964844,25869800,0.0,0.0
2026-08-26,310.29998779296875,315.42999267578125,308.79998779296875,313.45001220703125,313.45001220703125,34024500,0.0,0.0
2026-08-27,310.54998779296875,315.3999938964844,309.3999938964844,314.5799865722656,314.5799865722656,32419200,0.0,0.0
2026-08-28,316.8500061035156,322.3699951171875,315.45001220703125,319.70001220703125,319.70001220703125,38649400,0.0,0.0
2026-08-31,319.6000061035156,321.239990234375,312.79998779296875,316.8500061035156,316.8500061035156,41242700,0.0,0.0
2026-09-01,316.9800109863281,327.29998779296875,314.7300109863281,325.1300048828125,325.1300048828125,53167400,0.0,0.0
2026-09-02,326.8699951171875,328.3999938964844,323.5299987792969,324.9599914550781,324.9599914550781,33776400,0.0,0.0
2026-09-03,324.8699951171875,330.80999755859375,324.1099853515625,328.2099914550781,328.2099914550781,37225800,0.0,0.0
2026-09-04,328.30999755859375,328.92999267578125,317.8599853515625,319.9700012207031,319.9700012207031,39606900,0.0,0.0
2026-09-08,317.1000061035156,320.70001220703125,314.8999938964844,316.2200012207031,316.2200012207031,35477100,0.0,0.0
2026-09-09,315.489990234375,319.1499938964844,309.8999938964844,315.3399963378906,315.3399963378906,65640000,0.0,0.0
2026-09-10,316.6700134277344,326.739990234375,316.510009765625,326.57000732421875,326.57000732421875,70011900,0.0,0.0
2026-09-11,327.45001220703125,336.2200012207031,326.29998779296875,332.2699890136719,332.2699890136719,50716900,0.0,0.0
2026-09-14,334.7900085449219,335.5,331.3399963378906,333.0799865722656,333.0799865722656,39269100,0.0,0.0
2026-09-15,330.1400146484375,331.7799987792969,328.3500061035156,331.3399963378906,331.3399963378906,31748200,0.0,0.0
2026-09-16,332.5299987792969,335.4800109863281,330.70001220703125,332.4100036621094,332.4100036621094,35981000,0.0,0.0
2026-09-17,334.7699890136719,338.3399963378906,330.17999267578125,337.0,337.0,36700200,0.0,0.0
2026-09-18,337.9100036621094,338.489990234375,332.5299987792969,336.1300048828125,336.1300048828125,86588200,0.0,0.0
2026-09-21,335.2799987792969,339.6400146484375,333.04998779296875,338.9800109863281,338.9800109863281,34999200,0.0,0.0
2026-09-22,340.1400146484375,345.3399963378906,338.75,339.75,339.75,40711800,0.0,0.0
2026-09-23,341.0799865722656,341.79998779296875,335.5,337.0199890136719,337.0199890136719,31658800,0.0,0.0
2026-09-24,336.7200012207031,338.9100036621094,334.29998779296875,335.9200134277344,335.9200134277344,24733100,0.0,0.0
2026-09-25,336.0400085449219,341.6700134277344,334.5299987792969,341.07000732421875,341.07000732421875,30002500,0.0,0.0
2026-09-28,340.3699951171875,342.989990234375,338.0400085449219,338.3999938964844,338.3999938964844,32820800,0.0,0.0
2026-09-29,336.9700012207031,337.0899963378906,328.70001220703125,329.3999938964844,329.3999938964844,38478000,0.0,0.0
2026-09-30,330.79998779296875,339.5,330.1400146484375,333.0199890136719,333.0199890136719,49988600,0.0,0.0
2026-10-01,330.0,332.4800109863281,325.80999755859375,330.32000732421875,330.32000732421875,36306300,0.0,0.0
2026-10-02,333.260009765625,334.5400085449219,330.6099853515625,333.69000244140625,333.69000244140625,33278600,0.0,0.0
2026-10-05,332.82000732421875,336.2099914550781,331.6499938964844,332.8900146484375,332.8900146484375,34400900,0.0,0.0
2026-10-06,332.2799987792969,334.3800048828125,330.6199951171875,333.6300048828125,333.6300048828125,30449000,0.0,0.0
2026-10-07,336.9599914550781,338.6700134277344,332.7799987792969,336.6700134277344,336.6700134277344,34128200,0.0,0.0
